t,cmdty,market_name,district_name,variety,p_min,p_max,p_modal,date,price_info
2025-02-23,Chili Red,Gudiyatham(Uzhavar Sandhai ),Vellore,Bold,20000,20000,20000,2025-02-23,"Minimum Price: ₹20000, Maximum Price: ₹20000, Modal Price: ₹20000"
2025-02-23,Chili Red,Anna nagar(Uzhavar Sandhai ),Madurai,Bold,24000,24000,24000,2025-02-23,"Minimum Price: ₹24000, Maximum Price: ₹24000, Modal Price: ₹24000"
2025-02-23,Chili Red,Tiruppur (North) (Uzhavar Sandhai ),Coimbatore,Bold,14000,15000,15000,2025-02-23,"Minimum Price: ₹14000, Maximum Price: ₹15000, Modal Price: ₹15000"
2025-02-23,Chili Red,Rasipuram(Uzhavar Sandhai ),Namakkal,Bold,21000,22000,22000,2025-02-23,"Minimum Price: ₹21000, Maximum Price: ₹22000, Modal Price: ₹22000"
2025-02-24,Chili Red,Rasipuram(Uzhavar Sandhai ),Namakkal,Bold,20000,22000,22000,2025-02-24,"Minimum Price: ₹20000, Maximum Price: ₹22000, Modal Price: ₹22000"
2025-02-24,Chili Red,Anna nagar(Uzhavar Sandhai ),Madurai,Bold,24000,24000,24000,2025-02-24,"Minimum Price: ₹24000, Maximum Price: ₹24000, Modal Price: ₹24000"
2025-02-25,Chili Red,Anna nagar(Uzhavar Sandhai ),Madurai,Bold,24000,24000,24000,2025-02-25,"Minimum Price: ₹24000, Maximum Price: ₹24000, Modal Price: ₹24000"
2025-02-25,Chili Red,Rasipuram(Uzhavar Sandhai ),Namakkal,Bold,20000,22000,22000,2025-02-25,"Minimum Price: ₹20000, Maximum Price: ₹22000, Modal Price: ₹22000"
2025-02-25,Chili Red,Gudiyatham(Uzhavar Sandhai ),Vellore,Bold,18000,18000,18000,2025-02-25,"Minimum Price: ₹18000, Maximum Price: ₹18000, Modal Price: ₹18000"
2025-02-25,Chili Red,Thathakapatti(Uzhavar Sandhai ),Salem,Bold,8000,10000,10000,2025-02-25,"Minimum Price: ₹8000, Maximum Price: ₹10000, Modal Price: ₹10000"
2025-02-26,Chili Red,Rasipuram(Uzhavar Sandhai ),Namakkal,Bold,20000,22000,22000,2025-02-26,"Minimum Price: ₹20000, Maximum Price: ₹22000, Modal Price: ₹22000"
2025-02-26,Chili Red,Thathakapatti(Uzhavar Sandhai ),Salem,Bold,10000,10000,10000,2025-02-26,"Minimum Price: ₹10000, Maximum Price: ₹10000, Modal Price: ₹10000"
2025-02-26,Chili Red,Anna nagar(Uzhavar Sandhai ),Madurai,Bold,24000,24000,24000,2025-02-26,"Minimum Price: ₹24000, Maximum Price: ₹24000, Modal Price: ₹24000"
2025-02-27,Chili Red,Rasipuram(Uzhavar Sandhai ),Namakkal,Bold,20000,22000,22000,2025-02-27,"Minimum Price: ₹20000, Maximum Price: ₹22000, Modal Price: ₹22000"
2025-02-27,Chili Red,Anna nagar(Uzhavar Sandhai ),Madurai,Bold,24000,24000,24000,2025-02-27,"Minimum Price: ₹24000, Maximum Price: ₹24000, Modal Price: ₹24000"
2025-02-28,Chili Red,Tiruppur (North) (Uzhavar Sandhai ),Coimbatore,Bold,15000,17000,17000,2025-02-28,"Minimum Price: ₹15000, Maximum Price: ₹17000, Modal Price: ₹17000"
2025-02-28,Chili Red,Rasipuram(Uzhavar Sandhai ),Namakkal,Bold,20000,22000,22000,2025-02-28,"Minimum Price: ₹20000, Maximum Price: ₹22000, Modal Price: ₹22000"
2025-02-28,Chili Red,Anna nagar(Uzhavar Sandhai ),Madurai,Bold,24000,24000,24000,2025-02-28,"Minimum Price: ₹24000, Maximum Price: ₹24000, Modal Price: ₹24000"
2025-03-01,Chili Red,Anna nagar(Uzhavar Sandhai ),Madurai,Bold,24000,24000,24000,2025-03-01,"Minimum Price: ₹24000, Maximum Price: ₹24000, Modal Price: ₹24000"
2025-03-01,Chili Red,Rasipuram(Uzhavar Sandhai ),Namakkal,Bold,21000,22000,22000,2025-03-01,"Minimum Price: ₹21000, Maximum Price: ₹22000, Modal Price: ₹22000"
2025-03-01,Chili Red,Tiruppur (North) (Uzhavar Sandhai ),Coimbatore,Bold,15000,17000,17000,2025-03-01,"Minimum Price: ₹15000, Maximum Price: ₹17000, Modal Price: ₹17000"
2025-03-01,Chili Red,Gudiyatham(Uzhavar Sandhai ),Vellore,Bold,20000,20000,20000,2025-03-01,"Minimum Price: ₹20000, Maximum Price: ₹20000, Modal Price: ₹20000"
2025-03-02,Chili Red,Anna nagar(Uzhavar Sandhai ),Madurai,Bold,24000,24000,24000,2025-03-02,"Minimum Price: ₹24000, Maximum Price: ₹24000, Modal Price: ₹24000"
2025-03-02,Chili Red,Gudiyatham(Uzhavar Sandhai ),Vellore,Bold,21000,21000,21000,2025-03-02,"Minimum Price: ₹21000, Maximum Price: ₹21000, Modal Price: ₹21000"
2025-03-02,Chili Red,Rasipuram(Uzhavar Sandhai ),Namakkal,Bold,21000,22000,22000,2025-03-02,"Minimum Price: ₹21000, Maximum Price: ₹22000, Modal Price: ₹22000"
2025-03-03,Chili Red,Gudiyatham(Uzhavar Sandhai ),Vellore,Bold,16000,16000,16000,2025-03-03,"Minimum Price: ₹16000, Maximum Price: ₹16000, Modal Price: ₹16000"
2025-03-03,Chili Red,Rasipuram(Uzhavar Sandhai ),Namakkal,Bold,21000,22000,22000,2025-03-03,"Minimum Price: ₹21000, Maximum Price: ₹22000, Modal Price: ₹22000"
2025-03-03,Chili Red,Anna nagar(Uzhavar Sandhai ),Madurai,Bold,24000,24000,24000,2025-03-03,"Minimum Price: ₹24000, Maximum Price: ₹24000, Modal Price: ₹24000"
2025-03-04,Chili Red,Gudiyatham(Uzhavar Sandhai ),Vellore,Bold,18000,18000,18000,2025-03-04,"Minimum Price: ₹18000, Maximum Price: ₹18000, Modal Price: ₹18000"
2025-03-04,Chili Red,Anna nagar(Uzhavar Sandhai ),Madurai,Bold,24000,24000,24000,2025-03-04,"Minimum Price: ₹24000, Maximum Price: ₹24000, Modal Price: ₹24000"
2025-03-04,Chili Red,Rasipuram(Uzhavar Sandhai ),Namakkal,Bold,20000,22000,22000,2025-03-04,"Minimum Price: ₹20000, Maximum Price: ₹22000, Modal Price: ₹22000"
2025-03-05,Chili Red,Anna nagar(Uzhavar Sandhai ),Madurai,Bold,24000,24000,24000,2025-03-05,"Minimum Price: ₹24000, Maximum Price: ₹24000, Modal Price: ₹24000"
2025-03-05,Chili Red,Gudiyatham(Uzhavar Sandhai ),Vellore,Bold,18000,18000,18000,2025-03-05,"Minimum Price: ₹18000, Maximum Price: ₹18000, Modal Price: ₹18000"
2025-03-05,Chili Red,Rasipuram(Uzhavar Sandhai ),Namakkal,Bold,20000,22000,22000,2025-03-05,"Minimum Price: ₹20000, Maximum Price: ₹22000, Modal Price: ₹22000"
2025-03-06,Chili Red,Anna nagar(Uzhavar Sandhai ),Madurai,Bold,20000,20000,20000,2025-03-06,"Minimum Price: ₹20000, Maximum Price: ₹20000, Modal Price: ₹20000"
2025-03-06,Chili Red,Rasipuram(Uzhavar Sandhai ),Namakkal,Bold,20000,22000,22000,2025-03-06,"Minimum Price: ₹20000, Maximum Price: ₹22000, Modal Price: ₹22000"
2025-03-07,Chili Red,Rasipuram(Uzhavar Sandhai ),Namakkal,Bold,20000,22000,22000,2025-03-07,"Minimum Price: ₹20000, Maximum Price: ₹22000, Modal Price: ₹22000"
2025-03-07,Chili Red,Anna nagar(Uzhavar Sandhai ),Madurai,Bold,20000,20000,20000,2025-03-07,"Minimum Price: ₹20000, Maximum Price: ₹20000, Modal Price: ₹20000"
2025-03-08,Chili Red,Anna nagar(Uzhavar Sandhai ),Madurai,Bold,20000,20000,20000,2025-03-08,"Minimum Price: ₹20000, Maximum Price: ₹20000, Modal Price: ₹20000"
2025-03-08,Chili Red,Rasipuram(Uzhavar Sandhai ),Namakkal,Bold,21000,22000,22000,2025-03-08,"Minimum Price: ₹21000, Maximum Price: ₹22000, Modal Price: ₹22000"
2025-03-08,Chili Red,Gudiyatham(Uzhavar Sandhai ),Vellore,Bold,18000,18000,18000,2025-03-08,"Minimum Price: ₹18000, Maximum Price: ₹18000, Modal Price: ₹18000"
2025-03-09,Chili Red,Rasipuram(Uzhavar Sandhai ),Namakkal,Bold,20000,22000,22000,2025-03-09,"Minimum Price: ₹20000, Maximum Price: ₹22000, Modal Price: ₹22000"
2025-03-09,Chili Red,Anna nagar(Uzhavar Sandhai ),Madurai,Bold,20000,20000,20000,2025-03-09,"Minimum Price: ₹20000, Maximum Price: ₹20000, Modal Price: ₹20000"
2025-03-09,Chili Red,Gudiyatham(Uzhavar Sandhai ),Vellore,Bold,18000,18000,18000,2025-03-09,"Minimum Price: ₹18000, Maximum Price: ₹18000, Modal Price: ₹18000"
2025-03-10,Chili Red,Rasipuram(Uzhavar Sandhai ),Namakkal,Bold,20000,22000,22000,2025-03-10,"Minimum Price: ₹20000, Maximum Price: ₹22000, Modal Price: ₹22000"
2025-03-10,Chili Red,Anna nagar(Uzhavar Sandhai ),Madurai,Bold,20000,20000,20000,2025-03-10,"Minimum Price: ₹20000, Maximum Price: ₹20000, Modal Price: ₹20000"
2025-03-10,Chili Red,Gudiyatham(Uzhavar Sandhai ),Vellore,Bold,18000,18000,18000,2025-03-10,"Minimum Price: ₹18000, Maximum Price: ₹18000, Modal Price: ₹18000"
2025-03-11,Chili Red,Anna nagar(Uzhavar Sandhai ),Madurai,Bold,20000,20000,20000,2025-03-11,"Minimum Price: ₹20000, Maximum Price: ₹20000, Modal Price: ₹20000"
2025-03-11,Chili Red,Gudiyatham(Uzhavar Sandhai ),Vellore,Bold,18000,18000,18000,2025-03-11,"Minimum Price: ₹18000, Maximum Price: ₹18000, Modal Price: ₹18000"
2025-03-11,Chili Red,Rasipuram(Uzhavar Sandhai ),Namakkal,Bold,20000,22000,22000,2025-03-11,"Minimum Price: ₹20000, Maximum Price: ₹22000, Modal Price: ₹22000"
2025-03-12,Chili Red,Anna nagar(Uzhavar Sandhai ),Madurai,Bold,20000,20000,20000,2025-03-12,"Minimum Price: ₹20000, Maximum Price: ₹20000, Modal Price: ₹20000"
2025-03-12,Chili Red,Rasipuram(Uzhavar Sandhai ),Namakkal,Bold,20000,22000,22000,2025-03-12,"Minimum Price: ₹20000, Maximum Price: ₹22000, Modal Price: ₹22000"
2025-03-12,Chili Red,Gudiyatham(Uzhavar Sandhai ),Vellore,Bold,18000,18000,18000,2025-03-12,"Minimum Price: ₹18000, Maximum Price: ₹18000, Modal Price: ₹18000"
2025-03-13,Chili Red,Anna nagar(Uzhavar Sandhai ),Madurai,Bold,20000,20000,20000,2025-03-13,"Minimum Price: ₹20000, Maximum Price: ₹20000, Modal Price: ₹20000"
2025-03-13,Chili Red,Rasipuram(Uzhavar Sandhai ),Namakkal,Bold,20000,22000,22000,2025-03-13,"Minimum Price: ₹20000, Maximum Price: ₹22000, Modal Price: ₹22000"
2025-03-14,Chili Red,Anna nagar(Uzhavar Sandhai ),Madurai,Bold,20000,20000,20000,2025-03-14,"Minimum Price: ₹20000, Maximum Price: ₹20000, Modal Price: ₹20000"
2025-03-14,Chili Red,Rasipuram(Uzhavar Sandhai ),Namakkal,Bold,21000,22000,22000,2025-03-14,"Minimum Price: ₹21000, Maximum Price: ₹22000, Modal Price: ₹22000"
2025-03-15,Chili Red,Anna nagar(Uzhavar Sandhai ),Madurai,Bold,20000,20000,20000,2025-03-15,"Minimum Price: ₹20000, Maximum Price: ₹20000, Modal Price: ₹20000"
2025-03-15,Chili Red,Gudiyatham(Uzhavar Sandhai ),Vellore,Bold,18000,18000,18000,2025-03-15,"Minimum Price: ₹18000, Maximum Price: ₹18000, Modal Price: ₹18000"
2025-03-17,Chili Red,Anna nagar(Uzhavar Sandhai ),Madurai,Bold,20000,20000,20000,2025-03-17,"Minimum Price: ₹20000, Maximum Price: ₹20000, Modal Price: ₹20000"
2025-03-17,Chili Red,Gudiyatham(Uzhavar Sandhai ),Vellore,Bold,17500,17500,17500,2025-03-17,"Minimum Price: ₹17500, Maximum Price: ₹17500, Modal Price: ₹17500"
2025-03-17,Chili Red,Rasipuram(Uzhavar Sandhai ),Namakkal,Bold,20000,22000,22000,2025-03-17,"Minimum Price: ₹20000, Maximum Price: ₹22000, Modal Price: ₹22000"
2025-03-18,Chili Red,Anna nagar(Uzhavar Sandhai ),Madurai,Bold,20000,20000,20000,2025-03-18,"Minimum Price: ₹20000, Maximum Price: ₹20000, Modal Price: ₹20000"
2025-03-18,Chili Red,Gudiyatham(Uzhavar Sandhai ),Vellore,Bold,17500,17500,17500,2025-03-18,"Minimum Price: ₹17500, Maximum Price: ₹17500, Modal Price: ₹17500"
2025-03-18,Chili Red,Rasipuram(Uzhavar Sandhai ),Namakkal,Bold,20000,22000,22000,2025-03-18,"Minimum Price: ₹20000, Maximum Price: ₹22000, Modal Price: ₹22000"
2025-03-19,Chili Red,Rasipuram(Uzhavar Sandhai ),Namakkal,Bold,20000,22000,22000,2025-03-19,"Minimum Price: ₹20000, Maximum Price: ₹22000, Modal Price: ₹22000"
2025-03-19,Chili Red,Gudiyatham(Uzhavar Sandhai ),Vellore,Bold,18000,18000,18000,2025-03-19,"Minimum Price: ₹18000, Maximum Price: ₹18000, Modal Price: ₹18000"
2025-03-19,Chili Red,Anna nagar(Uzhavar Sandhai ),Madurai,Bold,20000,20000,20000,2025-03-19,"Minimum Price: ₹20000, Maximum Price: ₹20000, Modal Price: ₹20000"
2025-03-20,Chili Red,Anna nagar(Uzhavar Sandhai ),Madurai,Bold,20000,20000,20000,2025-03-20,"Minimum Price: ₹20000, Maximum Price: ₹20000, Modal Price: ₹20000"
2025-03-20,Chili Red,Rasipuram(Uzhavar Sandhai ),Namakkal,Bold,20000,22000,22000,2025-03-20,"Minimum Price: ₹20000, Maximum Price: ₹22000, Modal Price: ₹22000"
2025-03-21,Chili Red,Rasipuram(Uzhavar Sandhai ),Namakkal,Bold,20000,22000,22000,2025-03-21,"Minimum Price: ₹20000, Maximum Price: ₹22000, Modal Price: ₹22000"
2025-03-21,Chili Red,Anna nagar(Uzhavar Sandhai ),Madurai,Bold,20000,20000,20000,2025-03-21,"Minimum Price: ₹20000, Maximum Price: ₹20000, Modal Price: ₹20000"
2025-03-22,Chili Red,Anna nagar(Uzhavar Sandhai ),Madurai,Bold,20000,20000,20000,2025-03-22,"Minimum Price: ₹20000, Maximum Price: ₹20000, Modal Price: ₹20000"
2025-03-22,Chili Red,Gudiyatham(Uzhavar Sandhai ),Vellore,Bold,17500,17500,17500,2025-03-22,"Minimum Price: ₹17500, Maximum Price: ₹17500, Modal Price: ₹17500"
2025-03-22,Chili Red,Rasipuram(Uzhavar Sandhai ),Namakkal,Bold,21000,22000,22000,2025-03-22,"Minimum Price: ₹21000, Maximum Price: ₹22000, Modal Price: ₹22000"
2025-03-23,Chili Red,Anna nagar(Uzhavar Sandhai ),Madurai,Bold,20000,20000,20000,2025-03-23,"Minimum Price: ₹20000, Maximum Price: ₹20000, Modal Price: ₹20000"
2025-03-23,Chili Red,Rasipuram(Uzhavar Sandhai ),Namakkal,Bold,21000,22000,22000,2025-03-23,"Minimum Price: ₹21000, Maximum Price: ₹22000, Modal Price: ₹22000"
2025-03-23,Chili Red,Gudiyatham(Uzhavar Sandhai ),Vellore,Bold,18000,18000,18000,2025-03-23,"Minimum Price: ₹18000, Maximum Price: ₹18000, Modal Price: ₹18000"
2025-03-23,Chili Red,Namakkal(Uzhavar Sandhai ),Namakkal,Bold,18000,20000,20000,2025-03-23,"Minimum Price: ₹18000, Maximum Price: ₹20000, Modal Price: ₹20000"
2025-03-24,Chili Red,Anna nagar(Uzhavar Sandhai ),Madurai,Bold,22000,22000,22000,2025-03-24,"Minimum Price: ₹22000, Maximum Price: ₹22000, Modal Price: ₹22000"
2025-03-24,Chili Red,Gudiyatham(Uzhavar Sandhai ),Vellore,Bold,17500,17500,17500,2025-03-24,"Minimum Price: ₹17500, Maximum Price: ₹17500, Modal Price: ₹17500"
2025-03-24,Chili Red,Rasipuram(Uzhavar Sandhai ),Namakkal,Bold,20000,22000,22000,2025-03-24,"Minimum Price: ₹20000, Maximum Price: ₹22000, Modal Price: ₹22000"
2025-03-25,Chili Red,Perambalur(Uzhavar Sandhai ),Perambalur,Bold,18000,20000,20000,2025-03-25,"Minimum Price: ₹18000, Maximum Price: ₹20000, Modal Price: ₹20000"
2025-03-25,Chili Red,Gudiyatham(Uzhavar Sandhai ),Vellore,Bold,18000,18000,18000,2025-03-25,"Minimum Price: ₹18000, Maximum Price: ₹18000, Modal Price: ₹18000"
2025-03-25,Chili Red,Anna nagar(Uzhavar Sandhai ),Madurai,Bold,22000,22000,22000,2025-03-25,"Minimum Price: ₹22000, Maximum Price: ₹22000, Modal Price: ₹22000"
2025-03-25,Chili Red,Rasipuram(Uzhavar Sandhai ),Namakkal,Bold,20000,22000,22000,2025-03-25,"Minimum Price: ₹20000, Maximum Price: ₹22000, Modal Price: ₹22000"
2025-03-26,Chili Red,Anna nagar(Uzhavar Sandhai ),Madurai,Bold,20000,20000,20000,2025-03-26,"Minimum Price: ₹20000, Maximum Price: ₹20000, Modal Price: ₹20000"
2025-03-26,Chili Red,Rasipuram(Uzhavar Sandhai ),Namakkal,Bold,18000,22000,22000,2025-03-26,"Minimum Price: ₹18000, Maximum Price: ₹22000, Modal Price: ₹22000"
2025-03-26,Chili Red,Gudiyatham(Uzhavar Sandhai ),Vellore,Bold,20000,20000,20000,2025-03-26,"Minimum Price: ₹20000, Maximum Price: ₹20000, Modal Price: ₹20000"
2025-03-26,Chili Red,Harur(Uzhavar Sandhai ),Dharmapuri,Bold,8800,9000,9000,2025-03-26,"Minimum Price: ₹8800, Maximum Price: ₹9000, Modal Price: ₹9000"
2025-03-27,Chili Red,Rasipuram(Uzhavar Sandhai ),Namakkal,Bold,18000,22000,22000,2025-03-27,"Minimum Price: ₹18000, Maximum Price: ₹22000, Modal Price: ₹22000"
2025-03-27,Chili Red,Anna nagar(Uzhavar Sandhai ),Madurai,Bold,20000,20000,20000,2025-03-27,"Minimum Price: ₹20000, Maximum Price: ₹20000, Modal Price: ₹20000"
2025-03-28,Chili Red,Anna nagar(Uzhavar Sandhai ),Madurai,Bold,20000,20000,20000,2025-03-28,"Minimum Price: ₹20000, Maximum Price: ₹20000, Modal Price: ₹20000"
2025-03-28,Chili Red,Rasipuram(Uzhavar Sandhai ),Namakkal,Bold,21000,22000,22000,2025-03-28,"Minimum Price: ₹21000, Maximum Price: ₹22000, Modal Price: ₹22000"
2025-03-28,Chili Red,Tiruppur (North) (Uzhavar Sandhai ),Coimbatore,Bold,16000,17000,17000,2025-03-28,"Minimum Price: ₹16000, Maximum Price: ₹17000, Modal Price: ₹17000"
2025-03-29,Chili Red,Anna nagar(Uzhavar Sandhai ),Madurai,Bold,20000,20000,20000,2025-03-29,"Minimum Price: ₹20000, Maximum Price: ₹20000, Modal Price: ₹20000"
2025-03-29,Chili Red,Tiruppur (North) (Uzhavar Sandhai ),Coimbatore,Bold,16000,17000,17000,2025-03-29,"Minimum Price: ₹16000, Maximum Price: ₹17000, Modal Price: ₹17000"
2025-03-29,Chili Red,Rasipuram(Uzhavar Sandhai ),Namakkal,Bold,21000,22000,22000,2025-03-29,"Minimum Price: ₹21000, Maximum Price: ₹22000, Modal Price: ₹22000"
2025-03-29,Chili Red,Gudiyatham(Uzhavar Sandhai ),Vellore,Bold,17500,17500,17500,2025-03-29,"Minimum Price: ₹17500, Maximum Price: ₹17500, Modal Price: ₹17500"
2025-03-29,Chili Red,Namakkal(Uzhavar Sandhai ),Namakkal,Bold,18000,20000,20000,2025-03-29,"Minimum Price: ₹18000, Maximum Price: ₹20000, Modal Price: ₹20000"
2025-03-30,Chili Red,Namakkal(Uzhavar Sandhai ),Namakkal,Bold,18000,20000,20000,2025-03-30,"Minimum Price: ₹18000, Maximum Price: ₹20000, Modal Price: ₹20000"
2025-03-30,Chili Red,Anna nagar(Uzhavar Sandhai ),Madurai,Bold,20000,20000,20000,2025-03-30,"Minimum Price: ₹20000, Maximum Price: ₹20000, Modal Price: ₹20000"
2025-03-30,Chili Red,Tiruppur (North) (Uzhavar Sandhai ),Coimbatore,Bold,16000,17000,17000,2025-03-30,"Minimum Price: ₹16000, Maximum Price: ₹17000, Modal Price: ₹17000"
2025-03-30,Chili Red,Rasipuram(Uzhavar Sandhai ),Namakkal,Bold,21000,22000,22000,2025-03-30,"Minimum Price: ₹21000, Maximum Price: ₹22000, Modal Price: ₹22000"
2025-03-31,Chili Red,Anna nagar(Uzhavar Sandhai ),Madurai,Bold,22000,22000,22000,2025-03-31,"Minimum Price: ₹22000, Maximum Price: ₹22000, Modal Price: ₹22000"
2025-03-31,Chili Red,Gudiyatham(Uzhavar Sandhai ),Vellore,Bold,20000,20000,20000,2025-03-31,"Minimum Price: ₹20000, Maximum Price: ₹20000, Modal Price: ₹20000"
2025-03-31,Chili Red,Rasipuram(Uzhavar Sandhai ),Namakkal,Bold,20000,22000,22000,2025-03-31,"Minimum Price: ₹20000, Maximum Price: ₹22000, Modal Price: ₹22000"
2025-04-01,Chili Red,Anna nagar(Uzhavar Sandhai ),Madurai,Bold,22000,22000,22000,2025-04-01,"Minimum Price: ₹22000, Maximum Price: ₹22000, Modal Price: ₹22000"
2025-04-01,Chili Red,Rasipuram(Uzhavar Sandhai ),Namakkal,Bold,20000,22000,22000,2025-04-01,"Minimum Price: ₹20000, Maximum Price: ₹22000, Modal Price: ₹22000"
2025-04-01,Chili Red,Perambalur(Uzhavar Sandhai ),Perambalur,Bold,17000,18000,18000,2025-04-01,"Minimum Price: ₹17000, Maximum Price: ₹18000, Modal Price: ₹18000"
2025-04-02,Chili Red,Anna nagar(Uzhavar Sandhai ),Madurai,Bold,20000,20000,20000,2025-04-02,"Minimum Price: ₹20000, Maximum Price: ₹20000, Modal Price: ₹20000"
2025-04-02,Chili Red,Rasipuram(Uzhavar Sandhai ),Namakkal,Bold,21000,22000,22000,2025-04-02,"Minimum Price: ₹21000, Maximum Price: ₹22000, Modal Price: ₹22000"
2025-04-03,Chili Red,Perambalur(Uzhavar Sandhai ),Perambalur,Bold,17000,17000,17000,2025-04-03,"Minimum Price: ₹17000, Maximum Price: ₹17000, Modal Price: ₹17000"
2025-04-03,Chili Red,Rasipuram(Uzhavar Sandhai ),Namakkal,Bold,21000,22000,22000,2025-04-03,"Minimum Price: ₹21000, Maximum Price: ₹22000, Modal Price: ₹22000"
2025-04-03,Chili Red,Anna nagar(Uzhavar Sandhai ),Madurai,Bold,20000,20000,20000,2025-04-03,"Minimum Price: ₹20000, Maximum Price: ₹20000, Modal Price: ₹20000"
2025-04-04,Chili Red,Perambalur(Uzhavar Sandhai ),Perambalur,Bold,17000,17000,17000,2025-04-04,"Minimum Price: ₹17000, Maximum Price: ₹17000, Modal Price: ₹17000"
2025-04-04,Chili Red,Rasipuram(Uzhavar Sandhai ),Namakkal,Bold,21000,22000,22000,2025-04-04,"Minimum Price: ₹21000, Maximum Price: ₹22000, Modal Price: ₹22000"
2025-04-04,Chili Red,Tiruppur (North) (Uzhavar Sandhai ),Coimbatore,Bold,16000,17000,17000,2025-04-04,"Minimum Price: ₹16000, Maximum Price: ₹17000, Modal Price: ₹17000"
2025-04-04,Chili Red,Anna nagar(Uzhavar Sandhai ),Madurai,Bold,20000,20000,20000,2025-04-04,"Minimum Price: ₹20000, Maximum Price: ₹20000, Modal Price: ₹20000"
2025-04-05,Chili Red,Perambalur(Uzhavar Sandhai ),Perambalur,Bold,17000,17000,17000,2025-04-05,"Minimum Price: ₹17000, Maximum Price: ₹17000, Modal Price: ₹17000"
2025-04-05,Chili Red,Rasipuram(Uzhavar Sandhai ),Namakkal,Bold,21000,22000,22000,2025-04-05,"Minimum Price: ₹21000, Maximum Price: ₹22000, Modal Price: ₹22000"
2025-04-05,Chili Red,Anna nagar(Uzhavar Sandhai ),Madurai,Bold,20000,20000,20000,2025-04-05,"Minimum Price: ₹20000, Maximum Price: ₹20000, Modal Price: ₹20000"
2025-04-06,Chili Red,Perambalur(Uzhavar Sandhai ),Perambalur,Bold,17000,17000,17000,2025-04-06,"Minimum Price: ₹17000, Maximum Price: ₹17000, Modal Price: ₹17000"
2025-04-06,Chili Red,Rasipuram(Uzhavar Sandhai ),Namakkal,Bold,21000,22000,22000,2025-04-06,"Minimum Price: ₹21000, Maximum Price: ₹22000, Modal Price: ₹22000"
2025-04-06,Chili Red,Tiruppur (North) (Uzhavar Sandhai ),Coimbatore,Bold,16000,17000,17000,2025-04-06,"Minimum Price: ₹16000, Maximum Price: ₹17000, Modal Price: ₹17000"
2025-04-06,Chili Red,Anna nagar(Uzhavar Sandhai ),Madurai,Bold,20000,20000,20000,2025-04-06,"Minimum Price: ₹20000, Maximum Price: ₹20000, Modal Price: ₹20000"
2025-04-07,Chili Red,Perambalur(Uzhavar Sandhai ),Perambalur,Bold,15000,17000,17000,2025-04-07,"Minimum Price: ₹15000, Maximum Price: ₹17000, Modal Price: ₹17000"
2025-04-07,Chili Red,Rasipuram(Uzhavar Sandhai ),Namakkal,Bold,20000,22000,22000,2025-04-07,"Minimum Price: ₹20000, Maximum Price: ₹22000, Modal Price: ₹22000"
2025-04-07,Chili Red,Anna nagar(Uzhavar Sandhai ),Madurai,Bold,22000,22000,22000,2025-04-07,"Minimum Price: ₹22000, Maximum Price: ₹22000, Modal Price: ₹22000"
2025-04-08,Chili Red,Perambalur(Uzhavar Sandhai ),Perambalur,Bold,16000,16000,16000,2025-04-08,"Minimum Price: ₹16000, Maximum Price: ₹16000, Modal Price: ₹16000"
2025-04-08,Chili Red,Anna nagar(Uzhavar Sandhai ),Madurai,Bold,22000,22000,22000,2025-04-08,"Minimum Price: ₹22000, Maximum Price: ₹22000, Modal Price: ₹22000"
2025-04-08,Chili Red,Rasipuram(Uzhavar Sandhai ),Namakkal,Bold,20000,22000,22000,2025-04-08,"Minimum Price: ₹20000, Maximum Price: ₹22000, Modal Price: ₹22000"
2025-04-09,Chili Red,Perambalur(Uzhavar Sandhai ),Perambalur,Bold,17000,17000,17000,2025-04-09,"Minimum Price: ₹17000, Maximum Price: ₹17000, Modal Price: ₹17000"
2025-04-09,Chili Red,Anna nagar(Uzhavar Sandhai ),Madurai,Bold,22000,22000,22000,2025-04-09,"Minimum Price: ₹22000, Maximum Price: ₹22000, Modal Price: ₹22000"
2025-04-09,Chili Red,Rasipuram(Uzhavar Sandhai ),Namakkal,Bold,21000,22000,22000,2025-04-09,"Minimum Price: ₹21000, Maximum Price: ₹22000, Modal Price: ₹22000"
2025-04-10,Chili Red,Anna nagar(Uzhavar Sandhai ),Madurai,Bold,20000,20000,20000,2025-04-10,"Minimum Price: ₹20000, Maximum Price: ₹20000, Modal Price: ₹20000"
2025-04-10,Chili Red,Rasipuram(Uzhavar Sandhai ),Namakkal,Bold,21000,22000,22000,2025-04-10,"Minimum Price: ₹21000, Maximum Price: ₹22000, Modal Price: ₹22000"
2025-04-10,Chili Red,Tiruppur (North) (Uzhavar Sandhai ),Coimbatore,Bold,16000,17000,17000,2025-04-10,"Minimum Price: ₹16000, Maximum Price: ₹17000, Modal Price: ₹17000"
2025-04-10,Chili Red,Perambalur(Uzhavar Sandhai ),Perambalur,Bold,17000,17000,17000,2025-04-10,"Minimum Price: ₹17000, Maximum Price: ₹17000, Modal Price: ₹17000"
2025-04-11,Chili Red,Perambalur(Uzhavar Sandhai ),Perambalur,Bold,16000,16000,16000,2025-04-11,"Minimum Price: ₹16000, Maximum Price: ₹16000, Modal Price: ₹16000"
2025-04-11,Chili Red,Rasipuram(Uzhavar Sandhai ),Namakkal,Bold,21000,22000,22000,2025-04-11,"Minimum Price: ₹21000, Maximum Price: ₹22000, Modal Price: ₹22000"
2025-04-11,Chili Red,Tiruppur (North) (Uzhavar Sandhai ),Coimbatore,Bold,16000,17000,17000,2025-04-11,"Minimum Price: ₹16000, Maximum Price: ₹17000, Modal Price: ₹17000"
2025-04-11,Chili Red,Anna nagar(Uzhavar Sandhai ),Madurai,Bold,20000,20000,20000,2025-04-11,"Minimum Price: ₹20000, Maximum Price: ₹20000, Modal Price: ₹20000"
2025-04-12,Chili Red,Rasipuram(Uzhavar Sandhai ),Namakkal,Bold,21000,22000,22000,2025-04-12,"Minimum Price: ₹21000, Maximum Price: ₹22000, Modal Price: ₹22000"
2025-04-12,Chili Red,Tiruppur (North) (Uzhavar Sandhai ),Coimbatore,Bold,16000,17000,17000,2025-04-12,"Minimum Price: ₹16000, Maximum Price: ₹17000, Modal Price: ₹17000"
2025-04-12,Chili Red,Perambalur(Uzhavar Sandhai ),Perambalur,Bold,16000,16000,16000,2025-04-12,"Minimum Price: ₹16000, Maximum Price: ₹16000, Modal Price: ₹16000"
2025-04-12,Chili Red,Anna nagar(Uzhavar Sandhai ),Madurai,Bold,20000,20000,20000,2025-04-12,"Minimum Price: ₹20000, Maximum Price: ₹20000, Modal Price: ₹20000"
2025-04-13,Chili Red,Rasipuram(Uzhavar Sandhai ),Namakkal,Bold,21000,22000,22000,2025-04-13,"Minimum Price: ₹21000, Maximum Price: ₹22000, Modal Price: ₹22000"
2025-04-13,Chili Red,Anna nagar(Uzhavar Sandhai ),Madurai,Bold,20000,20000,20000,2025-04-13,"Minimum Price: ₹20000, Maximum Price: ₹20000, Modal Price: ₹20000"
2025-04-13,Chili Red,Tiruppur (North) (Uzhavar Sandhai ),Coimbatore,Bold,16000,17000,17000,2025-04-13,"Minimum Price: ₹16000, Maximum Price: ₹17000, Modal Price: ₹17000"
2025-04-13,Chili Red,Namakkal(Uzhavar Sandhai ),Namakkal,Bold,18000,20000,20000,2025-04-13,"Minimum Price: ₹18000, Maximum Price: ₹20000, Modal Price: ₹20000"
2025-04-13,Chili Red,Perambalur(Uzhavar Sandhai ),Perambalur,Bold,16000,16000,16000,2025-04-13,"Minimum Price: ₹16000, Maximum Price: ₹16000, Modal Price: ₹16000"
2025-04-14,Chili Red,Anna nagar(Uzhavar Sandhai ),Madurai,Bold,20000,20000,20000,2025-04-14,"Minimum Price: ₹20000, Maximum Price: ₹20000, Modal Price: ₹20000"
2025-04-14,Chili Red,Rasipuram(Uzhavar Sandhai ),Namakkal,Bold,20000,22000,22000,2025-04-14,"Minimum Price: ₹20000, Maximum Price: ₹22000, Modal Price: ₹22000"
2025-04-14,Chili Red,Perambalur(Uzhavar Sandhai ),Perambalur,Bold,16000,17000,17000,2025-04-14,"Minimum Price: ₹16000, Maximum Price: ₹17000, Modal Price: ₹17000"
2025-04-15,Chili Red,Anna nagar(Uzhavar Sandhai ),Madurai,Bold,22000,22000,22000,2025-04-15,"Minimum Price: ₹22000, Maximum Price: ₹22000, Modal Price: ₹22000"
2025-04-15,Chili Red,Rasipuram(Uzhavar Sandhai ),Namakkal,Bold,16000,20000,20000,2025-04-15,"Minimum Price: ₹16000, Maximum Price: ₹20000, Modal Price: ₹20000"
2025-04-15,Chili Red,Perambalur(Uzhavar Sandhai ),Perambalur,Bold,15000,16000,16000,2025-04-15,"Minimum Price: ₹15000, Maximum Price: ₹16000, Modal Price: ₹16000"
2025-04-16,Chili Red,Perambalur(Uzhavar Sandhai ),Perambalur,Bold,15000,16000,16000,2025-04-16,"Minimum Price: ₹15000, Maximum Price: ₹16000, Modal Price: ₹16000"
2025-04-16,Chili Red,Rasipuram(Uzhavar Sandhai ),Namakkal,Bold,19000,20000,20000,2025-04-16,"Minimum Price: ₹19000, Maximum Price: ₹20000, Modal Price: ₹20000"
2025-04-16,Chili Red,Anna nagar(Uzhavar Sandhai ),Madurai,Bold,20000,20000,20000,2025-04-16,"Minimum Price: ₹20000, Maximum Price: ₹20000, Modal Price: ₹20000"
2025-04-16,Chili Red,Gudiyatham(Uzhavar Sandhai ),Vellore,Bold,20000,20000,20000,2025-04-16,"Minimum Price: ₹20000, Maximum Price: ₹20000, Modal Price: ₹20000"
2025-04-17,Chili Red,Perambalur(Uzhavar Sandhai ),Perambalur,Bold,16000,16000,16000,2025-04-17,"Minimum Price: ₹16000, Maximum Price: ₹16000, Modal Price: ₹16000"
2025-04-17,Chili Red,Rasipuram(Uzhavar Sandhai ),Namakkal,Bold,18000,20000,20000,2025-04-17,"Minimum Price: ₹18000, Maximum Price: ₹20000, Modal Price: ₹20000"
2025-04-17,Chili Red,Gudiyatham(Uzhavar Sandhai ),Vellore,Bold,20000,20000,20000,2025-04-17,"Minimum Price: ₹20000, Maximum Price: ₹20000, Modal Price: ₹20000"
2025-04-17,Chili Red,Anna nagar(Uzhavar Sandhai ),Madurai,Bold,20000,20000,20000,2025-04-17,"Minimum Price: ₹20000, Maximum Price: ₹20000, Modal Price: ₹20000"
2025-04-18,Chili Red,Anna nagar(Uzhavar Sandhai ),Madurai,Bold,20000,20000,20000,2025-04-18,"Minimum Price: ₹20000, Maximum Price: ₹20000, Modal Price: ₹20000"
2025-04-18,Chili Red,Perambalur(Uzhavar Sandhai ),Perambalur,Bold,15000,16000,16000,2025-04-18,"Minimum Price: ₹15000, Maximum Price: ₹16000, Modal Price: ₹16000"
2025-04-18,Chili Red,Rasipuram(Uzhavar Sandhai ),Namakkal,Bold,16000,20000,20000,2025-04-18,"Minimum Price: ₹16000, Maximum Price: ₹20000, Modal Price: ₹20000"
2025-04-18,Chili Red,Tiruppur (North) (Uzhavar Sandhai ),Coimbatore,Bold,16000,17000,17000,2025-04-18,"Minimum Price: ₹16000, Maximum Price: ₹17000, Modal Price: ₹17000"
2025-04-19,Chili Red,Anna nagar(Uzhavar Sandhai ),Madurai,Bold,22000,22000,22000,2025-04-19,"Minimum Price: ₹22000, Maximum Price: ₹22000, Modal Price: ₹22000"
2025-04-19,Chili Red,Rasipuram(Uzhavar Sandhai ),Namakkal,Bold,18000,20000,20000,2025-04-19,"Minimum Price: ₹18000, Maximum Price: ₹20000, Modal Price: ₹20000"
2025-04-19,Chili Red,Perambalur(Uzhavar Sandhai ),Perambalur,Bold,15000,16000,16000,2025-04-19,"Minimum Price: ₹15000, Maximum Price: ₹16000, Modal Price: ₹16000"
2025-04-20,Chili Red,Perambalur(Uzhavar Sandhai ),Perambalur,Bold,16000,16000,16000,2025-04-20,"Minimum Price: ₹16000, Maximum Price: ₹16000, Modal Price: ₹16000"
2025-04-20,Chili Red,Tiruppur (North) (Uzhavar Sandhai ),Coimbatore,Bold,16000,17000,17000,2025-04-20,"Minimum Price: ₹16000, Maximum Price: ₹17000, Modal Price: ₹17000"
2025-04-20,Chili Red,Palani(Uzhavar Sandhai ),Dindigul,Bold,12000,15000,15000,2025-04-20,"Minimum Price: ₹12000, Maximum Price: ₹15000, Modal Price: ₹15000"
2025-04-20,Chili Red,Anna nagar(Uzhavar Sandhai ),Madurai,Bold,22000,22000,22000,2025-04-20,"Minimum Price: ₹22000, Maximum Price: ₹22000, Modal Price: ₹22000"
2025-04-20,Chili Red,Rasipuram(Uzhavar Sandhai ),Namakkal,Bold,18000,20000,20000,2025-04-20,"Minimum Price: ₹18000, Maximum Price: ₹20000, Modal Price: ₹20000"
2025-04-21,Chili Red,Anna nagar(Uzhavar Sandhai ),Madurai,Bold,22000,22000,22000,2025-04-21,"Minimum Price: ₹22000, Maximum Price: ₹22000, Modal Price: ₹22000"
2025-04-21,Chili Red,Namakkal(Uzhavar Sandhai ),Namakkal,Bold,20000,22000,22000,2025-04-21,"Minimum Price: ₹20000, Maximum Price: ₹22000, Modal Price: ₹22000"
2025-04-21,Chili Red,Rasipuram(Uzhavar Sandhai ),Namakkal,Bold,18000,20000,20000,2025-04-21,"Minimum Price: ₹18000, Maximum Price: ₹20000, Modal Price: ₹20000"
2025-04-21,Chili Red,Perambalur(Uzhavar Sandhai ),Perambalur,Bold,15000,16000,16000,2025-04-21,"Minimum Price: ₹15000, Maximum Price: ₹16000, Modal Price: ₹16000"
2025-04-22,Chili Red,Anna nagar(Uzhavar Sandhai ),Madurai,Bold,22000,22000,22000,2025-04-22,"Minimum Price: ₹22000, Maximum Price: ₹22000, Modal Price: ₹22000"
2025-04-22,Chili Red,Namakkal(Uzhavar Sandhai ),Namakkal,Bold,19500,22000,22000,2025-04-22,"Minimum Price: ₹19500, Maximum Price: ₹22000, Modal Price: ₹22000"
2025-04-22,Chili Red,Rasipuram(Uzhavar Sandhai ),Namakkal,Bold,16000,18000,18000,2025-04-22,"Minimum Price: ₹16000, Maximum Price: ₹18000, Modal Price: ₹18000"
2025-04-22,Chili Red,Perambalur(Uzhavar Sandhai ),Perambalur,Bold,15000,16000,16000,2025-04-22,"Minimum Price: ₹15000, Maximum Price: ₹16000, Modal Price: ₹16000"
2025-04-23,Chili Red,Anna nagar(Uzhavar Sandhai ),Madurai,Bold,22000,22000,22000,2025-04-23,"Minimum Price: ₹22000, Maximum Price: ₹22000, Modal Price: ₹22000"
2025-04-23,Chili Red,Rasipuram(Uzhavar Sandhai ),Namakkal,Bold,16000,18000,18000,2025-04-23,"Minimum Price: ₹16000, Maximum Price: ₹18000, Modal Price: ₹18000"
2025-04-23,Chili Red,Namakkal(Uzhavar Sandhai ),Namakkal,Bold,20000,22000,22000,2025-04-23,"Minimum Price: ₹20000, Maximum Price: ₹22000, Modal Price: ₹22000"
2025-04-23,Chili Red,Perambalur(Uzhavar Sandhai ),Perambalur,Bold,15000,16000,16000,2025-04-23,"Minimum Price: ₹15000, Maximum Price: ₹16000, Modal Price: ₹16000"
2025-04-24,Chili Red,Anna nagar(Uzhavar Sandhai ),Madurai,Bold,20000,20000,20000,2025-04-24,"Minimum Price: ₹20000, Maximum Price: ₹20000, Modal Price: ₹20000"
2025-04-24,Chili Red,Perambalur(Uzhavar Sandhai ),Perambalur,Bold,15000,16000,16000,2025-04-24,"Minimum Price: ₹15000, Maximum Price: ₹16000, Modal Price: ₹16000"
2025-04-24,Chili Red,Tiruppur (North) (Uzhavar Sandhai ),Coimbatore,Bold,16000,17000,17000,2025-04-24,"Minimum Price: ₹16000, Maximum Price: ₹17000, Modal Price: ₹17000"
2025-04-24,Chili Red,Rasipuram(Uzhavar Sandhai ),Namakkal,Bold,15000,18000,18000,2025-04-24,"Minimum Price: ₹15000, Maximum Price: ₹18000, Modal Price: ₹18000"
2025-04-24,Chili Red,Namakkal(Uzhavar Sandhai ),Namakkal,Bold,20000,22000,22000,2025-04-24,"Minimum Price: ₹20000, Maximum Price: ₹22000, Modal Price: ₹22000"
2025-04-25,Chili Red,Tiruppur (North) (Uzhavar Sandhai ),Coimbatore,Bold,16000,17000,17000,2025-04-25,"Minimum Price: ₹16000, Maximum Price: ₹17000, Modal Price: ₹17000"
2025-04-25,Chili Red,Rasipuram(Uzhavar Sandhai ),Namakkal,Bold,16000,18000,18000,2025-04-25,"Minimum Price: ₹16000, Maximum Price: ₹18000, Modal Price: ₹18000"
2025-04-25,Chili Red,Namakkal(Uzhavar Sandhai ),Namakkal,Bold,19500,22000,22000,2025-04-25,"Minimum Price: ₹19500, Maximum Price: ₹22000, Modal Price: ₹22000"
2025-04-25,Chili Red,Perambalur(Uzhavar Sandhai ),Perambalur,Bold,15000,16000,16000,2025-04-25,"Minimum Price: ₹15000, Maximum Price: ₹16000, Modal Price: ₹16000"
2025-04-25,Chili Red,Anna nagar(Uzhavar Sandhai ),Madurai,Bold,20000,20000,20000,2025-04-25,"Minimum Price: ₹20000, Maximum Price: ₹20000, Modal Price: ₹20000"
2025-04-26,Chili Red,Anna nagar(Uzhavar Sandhai ),Madurai,Bold,20000,20000,20000,2025-04-26,"Minimum Price: ₹20000, Maximum Price: ₹20000, Modal Price: ₹20000"
2025-04-26,Chili Red,Perambalur(Uzhavar Sandhai ),Perambalur,Bold,15000,16000,16000,2025-04-26,"Minimum Price: ₹15000, Maximum Price: ₹16000, Modal Price: ₹16000"
2025-04-26,Chili Red,Namakkal(Uzhavar Sandhai ),Namakkal,Bold,20000,22000,22000,2025-04-26,"Minimum Price: ₹20000, Maximum Price: ₹22000, Modal Price: ₹22000"
2025-04-26,Chili Red,Rasipuram(Uzhavar Sandhai ),Namakkal,Bold,16000,18000,18000,2025-04-26,"Minimum Price: ₹16000, Maximum Price: ₹18000, Modal Price: ₹18000"
2025-04-27,Chili Red,Tiruppur (North) (Uzhavar Sandhai ),Coimbatore,Bold,16000,17000,17000,2025-04-27,"Minimum Price: ₹16000, Maximum Price: ₹17000, Modal Price: ₹17000"
2025-04-27,Chili Red,Rasipuram(Uzhavar Sandhai ),Namakkal,Bold,16000,18000,18000,2025-04-27,"Minimum Price: ₹16000, Maximum Price: ₹18000, Modal Price: ₹18000"
2025-04-27,Chili Red,Perambalur(Uzhavar Sandhai ),Perambalur,Bold,15000,16000,16000,2025-04-27,"Minimum Price: ₹15000, Maximum Price: ₹16000, Modal Price: ₹16000"
2025-04-27,Chili Red,Anna nagar(Uzhavar Sandhai ),Madurai,Bold,20000,20000,20000,2025-04-27,"Minimum Price: ₹20000, Maximum Price: ₹20000, Modal Price: ₹20000"
2025-04-27,Chili Red,Sulur(Uzhavar Sandhai ),Coimbatore,Bold,5400,6000,6000,2025-04-27,"Minimum Price: ₹5400, Maximum Price: ₹6000, Modal Price: ₹6000"
2025-04-27,Chili Red,Namakkal(Uzhavar Sandhai ),Namakkal,Bold,19500,22000,22000,2025-04-27,"Minimum Price: ₹19500, Maximum Price: ₹22000, Modal Price: ₹22000"
2025-04-28,Chili Red,Anna nagar(Uzhavar Sandhai ),Madurai,Bold,22000,22000,22000,2025-04-28,"Minimum Price: ₹22000, Maximum Price: ₹22000, Modal Price: ₹22000"
2025-04-28,Chili Red,Perambalur(Uzhavar Sandhai ),Perambalur,Bold,15000,16000,16000,2025-04-28,"Minimum Price: ₹15000, Maximum Price: ₹16000, Modal Price: ₹16000"
2025-04-28,Chili Red,Namakkal(Uzhavar Sandhai ),Namakkal,Bold,20000,22000,22000,2025-04-28,"Minimum Price: ₹20000, Maximum Price: ₹22000, Modal Price: ₹22000"
2025-04-28,Chili Red,Rasipuram(Uzhavar Sandhai ),Namakkal,Bold,15000,18000,18000,2025-04-28,"Minimum Price: ₹15000, Maximum Price: ₹18000, Modal Price: ₹18000"
2025-04-29,Chili Red,Anna nagar(Uzhavar Sandhai ),Madurai,Bold,22000,22000,22000,2025-04-29,"Minimum Price: ₹22000, Maximum Price: ₹22000, Modal Price: ₹22000"
2025-04-29,Chili Red,Perambalur(Uzhavar Sandhai ),Perambalur,Bold,15000,16000,16000,2025-04-29,"Minimum Price: ₹15000, Maximum Price: ₹16000, Modal Price: ₹16000"
2025-04-29,Chili Red,Namakkal(Uzhavar Sandhai ),Namakkal,Bold,20000,22000,22000,2025-04-29,"Minimum Price: ₹20000, Maximum Price: ₹22000, Modal Price: ₹22000"
2025-04-29,Chili Red,Rasipuram(Uzhavar Sandhai ),Namakkal,Bold,15000,18000,18000,2025-04-29,"Minimum Price: ₹15000, Maximum Price: ₹18000, Modal Price: ₹18000"
2025-04-30,Chili Red,Namakkal(Uzhavar Sandhai ),Namakkal,Bold,20000,22000,22000,2025-04-30,"Minimum Price: ₹20000, Maximum Price: ₹22000, Modal Price: ₹22000"
2025-04-30,Chili Red,Rasipuram(Uzhavar Sandhai ),Namakkal,Bold,15000,18000,18000,2025-04-30,"Minimum Price: ₹15000, Maximum Price: ₹18000, Modal Price: ₹18000"
2025-04-30,Chili Red,Anna nagar(Uzhavar Sandhai ),Madurai,Bold,20000,20000,20000,2025-04-30,"Minimum Price: ₹20000, Maximum Price: ₹20000, Modal Price: ₹20000"
2025-04-30,Chili Red,Perambalur(Uzhavar Sandhai ),Perambalur,Bold,15000,16000,16000,2025-04-30,"Minimum Price: ₹15000, Maximum Price: ₹16000, Modal Price: ₹16000"
2025-05-01,Chili Red,Anna nagar(Uzhavar Sandhai ),Madurai,Bold,20000,20000,20000,2025-05-01,"Minimum Price: ₹20000, Maximum Price: ₹20000, Modal Price: ₹20000"
2025-05-01,Chili Red,Perambalur(Uzhavar Sandhai ),Perambalur,Bold,16000,16000,16000,2025-05-01,"Minimum Price: ₹16000, Maximum Price: ₹16000, Modal Price: ₹16000"
2025-05-01,Chili Red,Rasipuram(Uzhavar Sandhai ),Namakkal,Bold,15000,18000,18000,2025-05-01,"Minimum Price: ₹15000, Maximum Price: ₹18000, Modal Price: ₹18000"
2025-05-01,Chili Red,Tiruppur (North) (Uzhavar Sandhai ),Coimbatore,Bold,16000,17000,17000,2025-05-01,"Minimum Price: ₹16000, Maximum Price: ₹17000, Modal Price: ₹17000"
2025-05-02,Chili Red,Anna nagar(Uzhavar Sandhai ),Madurai,Bold,22000,22000,22000,2025-05-02,"Minimum Price: ₹22000, Maximum Price: ₹22000, Modal Price: ₹22000"
2025-05-02,Chili Red,Perambalur(Uzhavar Sandhai ),Perambalur,Bold,15000,17000,17000,2025-05-02,"Minimum Price: ₹15000, Maximum Price: ₹17000, Modal Price: ₹17000"
2025-05-02,Chili Red,Rasipuram(Uzhavar Sandhai ),Namakkal,Bold,16000,18000,18000,2025-05-02,"Minimum Price: ₹16000, Maximum Price: ₹18000, Modal Price: ₹18000"
2025-05-02,Chili Red,Tiruppur (North) (Uzhavar Sandhai ),Coimbatore,Bold,16000,17000,17000,2025-05-02,"Minimum Price: ₹16000, Maximum Price: ₹17000, Modal Price: ₹17000"
2025-05-03,Chili Red,Rasipuram(Uzhavar Sandhai ),Namakkal,Bold,16000,18000,18000,2025-05-03,"Minimum Price: ₹16000, Maximum Price: ₹18000, Modal Price: ₹18000"
2025-05-03,Chili Red,Tiruppur (North) (Uzhavar Sandhai ),Coimbatore,Bold,16000,17000,17000,2025-05-03,"Minimum Price: ₹16000, Maximum Price: ₹17000, Modal Price: ₹17000"
2025-05-03,Chili Red,Perambalur(Uzhavar Sandhai ),Perambalur,Bold,15000,16000,16000,2025-05-03,"Minimum Price: ₹15000, Maximum Price: ₹16000, Modal Price: ₹16000"
2025-05-03,Chili Red,Anna nagar(Uzhavar Sandhai ),Madurai,Bold,20000,20000,20000,2025-05-03,"Minimum Price: ₹20000, Maximum Price: ₹20000, Modal Price: ₹20000"
2025-05-03,Chili Red,Namakkal(Uzhavar Sandhai ),Namakkal,Bold,16000,18000,18000,2025-05-03,"Minimum Price: ₹16000, Maximum Price: ₹18000, Modal Price: ₹18000"
2025-05-04,Chili Red,Perambalur(Uzhavar Sandhai ),Perambalur,Bold,15000,16000,16000,2025-05-04,"Minimum Price: ₹15000, Maximum Price: ₹16000, Modal Price: ₹16000"
2025-05-04,Chili Red,Namakkal(Uzhavar Sandhai ),Namakkal,Bold,16500,18000,18000,2025-05-04,"Minimum Price: ₹16500, Maximum Price: ₹18000, Modal Price: ₹18000"
2025-05-04,Chili Red,Rasipuram(Uzhavar Sandhai ),Namakkal,Bold,16000,18000,18000,2025-05-04,"Minimum Price: ₹16000, Maximum Price: ₹18000, Modal Price: ₹18000"
2025-05-04,Chili Red,Tiruppur (North) (Uzhavar Sandhai ),Coimbatore,Bold,16000,17000,17000,2025-05-04,"Minimum Price: ₹16000, Maximum Price: ₹17000, Modal Price: ₹17000"
2025-05-04,Chili Red,Anna nagar(Uzhavar Sandhai ),Madurai,Bold,20000,20000,20000,2025-05-04,"Minimum Price: ₹20000, Maximum Price: ₹20000, Modal Price: ₹20000"
2025-05-05,Chili Red,Anna nagar(Uzhavar Sandhai ),Madurai,Bold,22000,22000,22000,2025-05-05,"Minimum Price: ₹22000, Maximum Price: ₹22000, Modal Price: ₹22000"
2025-05-05,Chili Red,Rasipuram(Uzhavar Sandhai ),Namakkal,Bold,19000,21000,21000,2025-05-05,"Minimum Price: ₹19000, Maximum Price: ₹21000, Modal Price: ₹21000"
2025-05-05,Chili Red,Perambalur(Uzhavar Sandhai ),Perambalur,Bold,15000,16000,16000,2025-05-05,"Minimum Price: ₹15000, Maximum Price: ₹16000, Modal Price: ₹16000"
2025-05-06,Chili Red,Anna nagar(Uzhavar Sandhai ),Madurai,Bold,22000,22000,22000,2025-05-06,"Minimum Price: ₹22000, Maximum Price: ₹22000, Modal Price: ₹22000"
2025-05-06,Chili Red,Perambalur(Uzhavar Sandhai ),Perambalur,Bold,15000,16000,16000,2025-05-06,"Minimum Price: ₹15000, Maximum Price: ₹16000, Modal Price: ₹16000"
2025-05-06,Chili Red,Rasipuram(Uzhavar Sandhai ),Namakkal,Bold,18000,21000,21000,2025-05-06,"Minimum Price: ₹18000, Maximum Price: ₹21000, Modal Price: ₹21000"
2025-05-07,Chili Red,Anna nagar(Uzhavar Sandhai ),Madurai,Bold,22000,22000,22000,2025-05-07,"Minimum Price: ₹22000, Maximum Price: ₹22000, Modal Price: ₹22000"
2025-05-07,Chili Red,Rasipuram(Uzhavar Sandhai ),Namakkal,Bold,19000,21000,21000,2025-05-07,"Minimum Price: ₹19000, Maximum Price: ₹21000, Modal Price: ₹21000"
2025-05-08,Chili Red,Rasipuram(Uzhavar Sandhai ),Namakkal,Bold,19000,21000,21000,2025-05-08,"Minimum Price: ₹19000, Maximum Price: ₹21000, Modal Price: ₹21000"
2025-05-08,Chili Red,Perambalur(Uzhavar Sandhai ),Perambalur,Bold,16000,17000,17000,2025-05-08,"Minimum Price: ₹16000, Maximum Price: ₹17000, Modal Price: ₹17000"
2025-05-08,Chili Red,Anna nagar(Uzhavar Sandhai ),Madurai,Bold,22000,22000,22000,2025-05-08,"Minimum Price: ₹22000, Maximum Price: ₹22000, Modal Price: ₹22000"
2025-05-09,Chili Red,Tiruppur (North) (Uzhavar Sandhai ),Coimbatore,Bold,16000,17000,17000,2025-05-09,"Minimum Price: ₹16000, Maximum Price: ₹17000, Modal Price: ₹17000"
2025-05-09,Chili Red,Rasipuram(Uzhavar Sandhai ),Namakkal,Bold,19000,21000,21000,2025-05-09,"Minimum Price: ₹19000, Maximum Price: ₹21000, Modal Price: ₹21000"
2025-05-09,Chili Red,Perambalur(Uzhavar Sandhai ),Perambalur,Bold,15000,17000,17000,2025-05-09,"Minimum Price: ₹15000, Maximum Price: ₹17000, Modal Price: ₹17000"
2025-05-09,Chili Red,Anna nagar(Uzhavar Sandhai ),Madurai,Bold,22000,22000,22000,2025-05-09,"Minimum Price: ₹22000, Maximum Price: ₹22000, Modal Price: ₹22000"
2025-05-09,Chili Red,Palani(Uzhavar Sandhai ),Dindigul,Bold,14000,14000,14000,2025-05-09,"Minimum Price: ₹14000, Maximum Price: ₹14000, Modal Price: ₹14000"
2025-05-11,Chili Red,Tiruppur (North) (Uzhavar Sandhai ),Coimbatore,Bold,16000,17000,17000,2025-05-11,"Minimum Price: ₹16000, Maximum Price: ₹17000, Modal Price: ₹17000"
2025-05-11,Chili Red,Anna nagar(Uzhavar Sandhai ),Madurai,Bold,22000,22000,22000,2025-05-11,"Minimum Price: ₹22000, Maximum Price: ₹22000, Modal Price: ₹22000"
2025-05-11,Chili Red,Perambalur(Uzhavar Sandhai ),Perambalur,Bold,15000,17000,17000,2025-05-11,"Minimum Price: ₹15000, Maximum Price: ₹17000, Modal Price: ₹17000"
2025-05-11,Chili Red,Rasipuram(Uzhavar Sandhai ),Namakkal,Bold,20000,21000,21000,2025-05-11,"Minimum Price: ₹20000, Maximum Price: ₹21000, Modal Price: ₹21000"
2025-05-12,Chili Red,Perambalur(Uzhavar Sandhai ),Perambalur,Bold,15000,17000,17000,2025-05-12,"Minimum Price: ₹15000, Maximum Price: ₹17000, Modal Price: ₹17000"
2025-05-12,Chili Red,Rasipuram(Uzhavar Sandhai ),Namakkal,Bold,19000,21000,21000,2025-05-12,"Minimum Price: ₹19000, Maximum Price: ₹21000, Modal Price: ₹21000"
2025-05-12,Chili Red,Anna nagar(Uzhavar Sandhai ),Madurai,Bold,22000,22000,22000,2025-05-12,"Minimum Price: ₹22000, Maximum Price: ₹22000, Modal Price: ₹22000"
2025-05-13,Chili Red,Anna nagar(Uzhavar Sandhai ),Madurai,Bold,22000,22000,22000,2025-05-13,"Minimum Price: ₹22000, Maximum Price: ₹22000, Modal Price: ₹22000"
2025-05-13,Chili Red,Perambalur(Uzhavar Sandhai ),Perambalur,Bold,16000,17000,17000,2025-05-13,"Minimum Price: ₹16000, Maximum Price: ₹17000, Modal Price: ₹17000"
2025-05-13,Chili Red,Rasipuram(Uzhavar Sandhai ),Namakkal,Bold,20000,22000,22000,2025-05-13,"Minimum Price: ₹20000, Maximum Price: ₹22000, Modal Price: ₹22000"
2025-05-13,Chili Red,Namakkal(Uzhavar Sandhai ),Namakkal,Bold,15000,16000,16000,2025-05-13,"Minimum Price: ₹15000, Maximum Price: ₹16000, Modal Price: ₹16000"
2025-05-14,Chili Red,Tiruppur (North) (Uzhavar Sandhai ),Coimbatore,Bold,16000,17000,17000,2025-05-14,"Minimum Price: ₹16000, Maximum Price: ₹17000, Modal Price: ₹17000"
2025-05-14,Chili Red,Rasipuram(Uzhavar Sandhai ),Namakkal,Bold,19000,21000,21000,2025-05-14,"Minimum Price: ₹19000, Maximum Price: ₹21000, Modal Price: ₹21000"
2025-05-14,Chili Red,Namakkal(Uzhavar Sandhai ),Namakkal,Bold,15000,16000,16000,2025-05-14,"Minimum Price: ₹15000, Maximum Price: ₹16000, Modal Price: ₹16000"
2025-05-14,Chili Red,Anna nagar(Uzhavar Sandhai ),Madurai,Bold,22000,22000,22000,2025-05-14,"Minimum Price: ₹22000, Maximum Price: ₹22000, Modal Price: ₹22000"
2025-05-14,Chili Red,Perambalur(Uzhavar Sandhai ),Perambalur,Bold,15000,16000,16000,2025-05-14,"Minimum Price: ₹15000, Maximum Price: ₹16000, Modal Price: ₹16000"
2025-05-15,Chili Red,Tiruppur (North) (Uzhavar Sandhai ),Coimbatore,Bold,16000,17000,17000,2025-05-15,"Minimum Price: ₹16000, Maximum Price: ₹17000, Modal Price: ₹17000"
2025-05-15,Chili Red,Anna nagar(Uzhavar Sandhai ),Madurai,Bold,20000,20000,20000,2025-05-15,"Minimum Price: ₹20000, Maximum Price: ₹20000, Modal Price: ₹20000"
2025-05-15,Chili Red,Perambalur(Uzhavar Sandhai ),Perambalur,Bold,15000,17000,17000,2025-05-15,"Minimum Price: ₹15000, Maximum Price: ₹17000, Modal Price: ₹17000"
2025-05-15,Chili Red,Namakkal(Uzhavar Sandhai ),Namakkal,Bold,15000,16000,16000,2025-05-15,"Minimum Price: ₹15000, Maximum Price: ₹16000, Modal Price: ₹16000"
2025-05-15,Chili Red,Rasipuram(Uzhavar Sandhai ),Namakkal,Bold,19000,21000,21000,2025-05-15,"Minimum Price: ₹19000, Maximum Price: ₹21000, Modal Price: ₹21000"
2025-05-16,Chili Red,Anna nagar(Uzhavar Sandhai ),Madurai,Bold,20000,20000,20000,2025-05-16,"Minimum Price: ₹20000, Maximum Price: ₹20000, Modal Price: ₹20000"
2025-05-16,Chili Red,Perambalur(Uzhavar Sandhai ),Perambalur,Bold,15000,17000,17000,2025-05-16,"Minimum Price: ₹15000, Maximum Price: ₹17000, Modal Price: ₹17000"
2025-05-16,Chili Red,Namakkal(Uzhavar Sandhai ),Namakkal,Bold,15000,16000,16000,2025-05-16,"Minimum Price: ₹15000, Maximum Price: ₹16000, Modal Price: ₹16000"
2025-05-16,Chili Red,Katpadi (Uzhavar Sandhai ),Vellore,Bold,18000,18000,18000,2025-05-16,"Minimum Price: ₹18000, Maximum Price: ₹18000, Modal Price: ₹18000"
2025-05-16,Chili Red,Rasipuram(Uzhavar Sandhai ),Namakkal,Bold,18000,20000,20000,2025-05-16,"Minimum Price: ₹18000, Maximum Price: ₹20000, Modal Price: ₹20000"
2025-05-17,Chili Red,Perambalur(Uzhavar Sandhai ),Perambalur,Bold,15000,17000,17000,2025-05-17,"Minimum Price: ₹15000, Maximum Price: ₹17000, Modal Price: ₹17000"
2025-05-17,Chili Red,Anna nagar(Uzhavar Sandhai ),Madurai,Bold,20000,20000,20000,2025-05-17,"Minimum Price: ₹20000, Maximum Price: ₹20000, Modal Price: ₹20000"
2025-05-17,Chili Red,Namakkal(Uzhavar Sandhai ),Namakkal,Bold,16000,18000,18000,2025-05-17,"Minimum Price: ₹16000, Maximum Price: ₹18000, Modal Price: ₹18000"
2025-05-17,Chili Red,Rasipuram(Uzhavar Sandhai ),Namakkal,Bold,16000,20000,20000,2025-05-17,"Minimum Price: ₹16000, Maximum Price: ₹20000, Modal Price: ₹20000"
2025-05-18,Chili Red,Anna nagar(Uzhavar Sandhai ),Madurai,Bold,22000,22000,22000,2025-05-18,"Minimum Price: ₹22000, Maximum Price: ₹22000, Modal Price: ₹22000"
2025-05-18,Chili Red,Perambalur(Uzhavar Sandhai ),Perambalur,Bold,15000,17000,17000,2025-05-18,"Minimum Price: ₹15000, Maximum Price: ₹17000, Modal Price: ₹17000"
2025-05-18,Chili Red,Namakkal(Uzhavar Sandhai ),Namakkal,Bold,14500,16000,16000,2025-05-18,"Minimum Price: ₹14500, Maximum Price: ₹16000, Modal Price: ₹16000"
2025-05-18,Chili Red,Rasipuram(Uzhavar Sandhai ),Namakkal,Bold,18000,20000,20000,2025-05-18,"Minimum Price: ₹18000, Maximum Price: ₹20000, Modal Price: ₹20000"
2025-05-18,Chili Red,Tiruppur (North) (Uzhavar Sandhai ),Coimbatore,Bold,17000,18000,18000,2025-05-18,"Minimum Price: ₹17000, Maximum Price: ₹18000, Modal Price: ₹18000"
2025-05-19,Chili Red,Anna nagar(Uzhavar Sandhai ),Madurai,Bold,22000,22000,22000,2025-05-19,"Minimum Price: ₹22000, Maximum Price: ₹22000, Modal Price: ₹22000"
2025-05-19,Chili Red,Namakkal(Uzhavar Sandhai ),Namakkal,Bold,15000,16000,16000,2025-05-19,"Minimum Price: ₹15000, Maximum Price: ₹16000, Modal Price: ₹16000"
2025-05-19,Chili Red,Rasipuram(Uzhavar Sandhai ),Namakkal,Bold,18000,20000,20000,2025-05-19,"Minimum Price: ₹18000, Maximum Price: ₹20000, Modal Price: ₹20000"
2025-05-20,Chili Red,Tiruppur (North) (Uzhavar Sandhai ),Coimbatore,Bold,16000,17000,17000,2025-05-20,"Minimum Price: ₹16000, Maximum Price: ₹17000, Modal Price: ₹17000"
2025-05-20,Chili Red,Namakkal(Uzhavar Sandhai ),Namakkal,Bold,14000,46000,46000,2025-05-20,"Minimum Price: ₹14000, Maximum Price: ₹46000, Modal Price: ₹46000"
2025-05-20,Chili Red,Anna nagar(Uzhavar Sandhai ),Madurai,Bold,22000,22000,22000,2025-05-20,"Minimum Price: ₹22000, Maximum Price: ₹22000, Modal Price: ₹22000"
2025-05-20,Chili Red,Rasipuram(Uzhavar Sandhai ),Namakkal,Bold,16000,20000,20000,2025-05-20,"Minimum Price: ₹16000, Maximum Price: ₹20000, Modal Price: ₹20000"
2025-05-21,Chili Red,Anna nagar(Uzhavar Sandhai ),Madurai,Bold,20000,20000,20000,2025-05-21,"Minimum Price: ₹20000, Maximum Price: ₹20000, Modal Price: ₹20000"
2025-05-21,Chili Red,Namakkal(Uzhavar Sandhai ),Namakkal,Bold,15000,16000,16000,2025-05-21,"Minimum Price: ₹15000, Maximum Price: ₹16000, Modal Price: ₹16000"
2025-05-21,Chili Red,Perambalur(Uzhavar Sandhai ),Perambalur,Bold,15000,17000,17000,2025-05-21,"Minimum Price: ₹15000, Maximum Price: ₹17000, Modal Price: ₹17000"
2025-05-21,Chili Red,Rasipuram(Uzhavar Sandhai ),Namakkal,Bold,18000,20000,20000,2025-05-21,"Minimum Price: ₹18000, Maximum Price: ₹20000, Modal Price: ₹20000"
2025-05-21,Chili Red,Tiruppur (North) (Uzhavar Sandhai ),Coimbatore,Bold,16000,17000,17000,2025-05-21,"Minimum Price: ₹16000, Maximum Price: ₹17000, Modal Price: ₹17000"
2025-05-22,Chili Red,Anna nagar(Uzhavar Sandhai ),Madurai,Bold,20000,20000,20000,2025-05-22,"Minimum Price: ₹20000, Maximum Price: ₹20000, Modal Price: ₹20000"
2025-05-22,Chili Red,Namakkal(Uzhavar Sandhai ),Namakkal,Bold,14000,16000,16000,2025-05-22,"Minimum Price: ₹14000, Maximum Price: ₹16000, Modal Price: ₹16000"
2025-05-22,Chili Red,Rasipuram(Uzhavar Sandhai ),Namakkal,Bold,18000,20000,20000,2025-05-22,"Minimum Price: ₹18000, Maximum Price: ₹20000, Modal Price: ₹20000"
2025-05-22,Chili Red,Tiruppur (North) (Uzhavar Sandhai ),Coimbatore,Bold,16000,17000,17000,2025-05-22,"Minimum Price: ₹16000, Maximum Price: ₹17000, Modal Price: ₹17000"
2025-05-22,Chili Red,Perambalur(Uzhavar Sandhai ),Perambalur,Bold,15000,17000,17000,2025-05-22,"Minimum Price: ₹15000, Maximum Price: ₹17000, Modal Price: ₹17000"
2025-05-23,Chili Red,Rasipuram(Uzhavar Sandhai ),Namakkal,Bold,18000,20000,20000,2025-05-23,"Minimum Price: ₹18000, Maximum Price: ₹20000, Modal Price: ₹20000"
2025-05-23,Chili Red,Perambalur(Uzhavar Sandhai ),Perambalur,Bold,15000,17000,17000,2025-05-23,"Minimum Price: ₹15000, Maximum Price: ₹17000, Modal Price: ₹17000"
2025-05-23,Chili Red,Namakkal(Uzhavar Sandhai ),Namakkal,Bold,15000,16000,16000,2025-05-23,"Minimum Price: ₹15000, Maximum Price: ₹16000, Modal Price: ₹16000"
2025-05-23,Chili Red,Anna nagar(Uzhavar Sandhai ),Madurai,Bold,20000,20000,20000,2025-05-23,"Minimum Price: ₹20000, Maximum Price: ₹20000, Modal Price: ₹20000"
2025-05-24,Chili Red,Perambalur(Uzhavar Sandhai ),Perambalur,Bold,15000,17000,17000,2025-05-24,"Minimum Price: ₹15000, Maximum Price: ₹17000, Modal Price: ₹17000"
2025-05-24,Chili Red,Tiruppur (North) (Uzhavar Sandhai ),Coimbatore,Bold,16000,17000,17000,2025-05-24,"Minimum Price: ₹16000, Maximum Price: ₹17000, Modal Price: ₹17000"
2025-05-24,Chili Red,Rasipuram(Uzhavar Sandhai ),Namakkal,Bold,18000,20000,20000,2025-05-24,"Minimum Price: ₹18000, Maximum Price: ₹20000, Modal Price: ₹20000"
2025-05-24,Chili Red,Anna nagar(Uzhavar Sandhai ),Madurai,Bold,20000,20000,20000,2025-05-24,"Minimum Price: ₹20000, Maximum Price: ₹20000, Modal Price: ₹20000"
2025-05-24,Chili Red,Namakkal(Uzhavar Sandhai ),Namakkal,Bold,14500,16000,16000,2025-05-24,"Minimum Price: ₹14500, Maximum Price: ₹16000, Modal Price: ₹16000"
2025-05-25,Chili Red,Perambalur(Uzhavar Sandhai ),Perambalur,Bold,15000,17000,17000,2025-05-25,"Minimum Price: ₹15000, Maximum Price: ₹17000, Modal Price: ₹17000"
2025-05-25,Chili Red,Namakkal(Uzhavar Sandhai ),Namakkal,Bold,14500,16000,16000,2025-05-25,"Minimum Price: ₹14500, Maximum Price: ₹16000, Modal Price: ₹16000"
2025-05-25,Chili Red,Rasipuram(Uzhavar Sandhai ),Namakkal,Bold,18000,20000,20000,2025-05-25,"Minimum Price: ₹18000, Maximum Price: ₹20000, Modal Price: ₹20000"
2025-05-25,Chili Red,Tiruppur (North) (Uzhavar Sandhai ),Coimbatore,Bold,16000,17000,17000,2025-05-25,"Minimum Price: ₹16000, Maximum Price: ₹17000, Modal Price: ₹17000"
2025-05-25,Chili Red,Anna nagar(Uzhavar Sandhai ),Madurai,Bold,22000,22000,22000,2025-05-25,"Minimum Price: ₹22000, Maximum Price: ₹22000, Modal Price: ₹22000"
2025-05-26,Chili Red,Tiruppur (North) (Uzhavar Sandhai ),Coimbatore,Bold,16000,17000,17000,2025-05-26,"Minimum Price: ₹16000, Maximum Price: ₹17000, Modal Price: ₹17000"
2025-05-26,Chili Red,Rasipuram(Uzhavar Sandhai ),Namakkal,Bold,18000,20000,20000,2025-05-26,"Minimum Price: ₹18000, Maximum Price: ₹20000, Modal Price: ₹20000"
2025-05-26,Chili Red,Perambalur(Uzhavar Sandhai ),Perambalur,Bold,15000,17000,17000,2025-05-26,"Minimum Price: ₹15000, Maximum Price: ₹17000, Modal Price: ₹17000"
2025-05-26,Chili Red,Namakkal(Uzhavar Sandhai ),Namakkal,Bold,16500,18000,18000,2025-05-26,"Minimum Price: ₹16500, Maximum Price: ₹18000, Modal Price: ₹18000"
2025-05-26,Chili Red,Anna nagar(Uzhavar Sandhai ),Madurai,Bold,22000,22000,22000,2025-05-26,"Minimum Price: ₹22000, Maximum Price: ₹22000, Modal Price: ₹22000"
2025-05-27,Chili Red,Perambalur(Uzhavar Sandhai ),Perambalur,Bold,16000,17000,17000,2025-05-27,"Minimum Price: ₹16000, Maximum Price: ₹17000, Modal Price: ₹17000"
2025-05-27,Chili Red,Katpadi (Uzhavar Sandhai ),Vellore,Bold,18000,18000,18000,2025-05-27,"Minimum Price: ₹18000, Maximum Price: ₹18000, Modal Price: ₹18000"
2025-05-27,Chili Red,Rasipuram(Uzhavar Sandhai ),Namakkal,Bold,16000,20000,20000,2025-05-27,"Minimum Price: ₹16000, Maximum Price: ₹20000, Modal Price: ₹20000"
2025-05-27,Chili Red,Anna nagar(Uzhavar Sandhai ),Madurai,Bold,22000,22000,22000,2025-05-27,"Minimum Price: ₹22000, Maximum Price: ₹22000, Modal Price: ₹22000"
2025-05-27,Chili Red,Namakkal(Uzhavar Sandhai ),Namakkal,Bold,16000,18000,18000,2025-05-27,"Minimum Price: ₹16000, Maximum Price: ₹18000, Modal Price: ₹18000"
2025-05-28,Chili Red,Anna nagar(Uzhavar Sandhai ),Madurai,Bold,20000,20000,20000,2025-05-28,"Minimum Price: ₹20000, Maximum Price: ₹20000, Modal Price: ₹20000"
2025-05-28,Chili Red,Rasipuram(Uzhavar Sandhai ),Namakkal,Bold,18000,20000,20000,2025-05-28,"Minimum Price: ₹18000, Maximum Price: ₹20000, Modal Price: ₹20000"
2025-05-28,Chili Red,Perambalur(Uzhavar Sandhai ),Perambalur,Bold,16000,17000,17000,2025-05-28,"Minimum Price: ₹16000, Maximum Price: ₹17000, Modal Price: ₹17000"
2025-05-28,Chili Red,Namakkal(Uzhavar Sandhai ),Namakkal,Bold,16000,18000,18000,2025-05-28,"Minimum Price: ₹16000, Maximum Price: ₹18000, Modal Price: ₹18000"
2025-05-29,Chili Red,Anna nagar(Uzhavar Sandhai ),Madurai,Bold,20000,20000,20000,2025-05-29,"Minimum Price: ₹20000, Maximum Price: ₹20000, Modal Price: ₹20000"
2025-05-29,Chili Red,Namakkal(Uzhavar Sandhai ),Namakkal,Bold,15000,18000,18000,2025-05-29,"Minimum Price: ₹15000, Maximum Price: ₹18000, Modal Price: ₹18000"
2025-05-29,Chili Red,Rasipuram(Uzhavar Sandhai ),Namakkal,Bold,18000,20000,20000,2025-05-29,"Minimum Price: ₹18000, Maximum Price: ₹20000, Modal Price: ₹20000"
2025-05-29,Chili Red,Perambalur(Uzhavar Sandhai ),Perambalur,Bold,15000,17000,17000,2025-05-29,"Minimum Price: ₹15000, Maximum Price: ₹17000, Modal Price: ₹17000"
2025-05-30,Chili Red,Tiruppur (North) (Uzhavar Sandhai ),Coimbatore,Bold,16000,17000,17000,2025-05-30,"Minimum Price: ₹16000, Maximum Price: ₹17000, Modal Price: ₹17000"
2025-05-30,Chili Red,Perambalur(Uzhavar Sandhai ),Perambalur,Bold,15000,17000,17000,2025-05-30,"Minimum Price: ₹15000, Maximum Price: ₹17000, Modal Price: ₹17000"
2025-05-30,Chili Red,Rasipuram(Uzhavar Sandhai ),Namakkal,Bold,18000,20000,20000,2025-05-30,"Minimum Price: ₹18000, Maximum Price: ₹20000, Modal Price: ₹20000"
2025-05-30,Chili Red,Anna nagar(Uzhavar Sandhai ),Madurai,Bold,22000,22000,22000,2025-05-30,"Minimum Price: ₹22000, Maximum Price: ₹22000, Modal Price: ₹22000"
2025-05-30,Chili Red,Namakkal(Uzhavar Sandhai ),Namakkal,Bold,15000,18000,18000,2025-05-30,"Minimum Price: ₹15000, Maximum Price: ₹18000, Modal Price: ₹18000"
2025-05-31,Chili Red,Anna nagar(Uzhavar Sandhai ),Madurai,Bold,20000,20000,20000,2025-05-31,"Minimum Price: ₹20000, Maximum Price: ₹20000, Modal Price: ₹20000"
2025-05-31,Chili Red,Namakkal(Uzhavar Sandhai ),Namakkal,Bold,16000,18000,18000,2025-05-31,"Minimum Price: ₹16000, Maximum Price: ₹18000, Modal Price: ₹18000"
2025-05-31,Chili Red,Rasipuram(Uzhavar Sandhai ),Namakkal,Bold,18000,20000,20000,2025-05-31,"Minimum Price: ₹18000, Maximum Price: ₹20000, Modal Price: ₹20000"
2025-05-31,Chili Red,Kahithapattarai(Uzhavar Sandhai ),Vellore,Bold,15000,15000,15000,2025-05-31,"Minimum Price: ₹15000, Maximum Price: ₹15000, Modal Price: ₹15000"
2025-05-31,Chili Red,Tiruppur (North) (Uzhavar Sandhai ),Coimbatore,Bold,16000,17000,17000,2025-05-31,"Minimum Price: ₹16000, Maximum Price: ₹17000, Modal Price: ₹17000"
2025-05-31,Chili Red,Perambalur(Uzhavar Sandhai ),Perambalur,Bold,15000,17000,17000,2025-05-31,"Minimum Price: ₹15000, Maximum Price: ₹17000, Modal Price: ₹17000"
2025-06-01,Chili Red,Anna nagar(Uzhavar Sandhai ),Madurai,Bold,22000,22000,22000,2025-06-01,"Minimum Price: ₹22000, Maximum Price: ₹22000, Modal Price: ₹22000"
2025-06-01,Chili Red,Namakkal(Uzhavar Sandhai ),Namakkal,Bold,16500,18000,18000,2025-06-01,"Minimum Price: ₹16500, Maximum Price: ₹18000, Modal Price: ₹18000"
2025-06-01,Chili Red,Rasipuram(Uzhavar Sandhai ),Namakkal,Bold,18000,20000,20000,2025-06-01,"Minimum Price: ₹18000, Maximum Price: ₹20000, Modal Price: ₹20000"
2025-06-01,Chili Red,Ambattur(Uzhavar Sandhai ),Thiruvallur,Bold,20000,20000,20000,2025-06-01,"Minimum Price: ₹20000, Maximum Price: ₹20000, Modal Price: ₹20000"
2025-06-01,Chili Red,Tiruppur (North) (Uzhavar Sandhai ),Coimbatore,Bold,16000,17000,17000,2025-06-01,"Minimum Price: ₹16000, Maximum Price: ₹17000, Modal Price: ₹17000"
2025-06-01,Chili Red,Perambalur(Uzhavar Sandhai ),Perambalur,Bold,15000,17000,17000,2025-06-01,"Minimum Price: ₹15000, Maximum Price: ₹17000, Modal Price: ₹17000"
2025-06-02,Chili Red,Perambalur(Uzhavar Sandhai ),Perambalur,Bold,15000,17000,17000,2025-06-02,"Minimum Price: ₹15000, Maximum Price: ₹17000, Modal Price: ₹17000"
2025-06-02,Chili Red,Ambattur(Uzhavar Sandhai ),Thiruvallur,Bold,20000,20000,20000,2025-06-02,"Minimum Price: ₹20000, Maximum Price: ₹20000, Modal Price: ₹20000"
2025-06-02,Chili Red,Namakkal(Uzhavar Sandhai ),Namakkal,Bold,16500,18000,18000,2025-06-02,"Minimum Price: ₹16500, Maximum Price: ₹18000, Modal Price: ₹18000"
2025-06-02,Chili Red,Anna nagar(Uzhavar Sandhai ),Madurai,Bold,22000,22000,22000,2025-06-02,"Minimum Price: ₹22000, Maximum Price: ₹22000, Modal Price: ₹22000"
2025-06-02,Chili Red,Rasipuram(Uzhavar Sandhai ),Namakkal,Bold,18000,20000,20000,2025-06-02,"Minimum Price: ₹18000, Maximum Price: ₹20000, Modal Price: ₹20000"
2025-06-03,Chili Red,Perambalur(Uzhavar Sandhai ),Perambalur,Bold,15000,17000,17000,2025-06-03,"Minimum Price: ₹15000, Maximum Price: ₹17000, Modal Price: ₹17000"
2025-06-03,Chili Red,Namakkal(Uzhavar Sandhai ),Namakkal,Bold,16000,18000,18000,2025-06-03,"Minimum Price: ₹16000, Maximum Price: ₹18000, Modal Price: ₹18000"
2025-06-03,Chili Red,Rasipuram(Uzhavar Sandhai ),Namakkal,Bold,18000,20000,20000,2025-06-03,"Minimum Price: ₹18000, Maximum Price: ₹20000, Modal Price: ₹20000"
2025-06-03,Chili Red,Ambattur(Uzhavar Sandhai ),Thiruvallur,Bold,20000,20000,20000,2025-06-03,"Minimum Price: ₹20000, Maximum Price: ₹20000, Modal Price: ₹20000"
2025-06-03,Chili Red,Anna nagar(Uzhavar Sandhai ),Madurai,Bold,22000,22000,22000,2025-06-03,"Minimum Price: ₹22000, Maximum Price: ₹22000, Modal Price: ₹22000"
2025-06-04,Chili Red,Ambattur(Uzhavar Sandhai ),Thiruvallur,Bold,20000,20000,20000,2025-06-04,"Minimum Price: ₹20000, Maximum Price: ₹20000, Modal Price: ₹20000"
2025-06-04,Chili Red,Rasipuram(Uzhavar Sandhai ),Namakkal,Bold,18000,20000,20000,2025-06-04,"Minimum Price: ₹18000, Maximum Price: ₹20000, Modal Price: ₹20000"
2025-06-04,Chili Red,Namakkal(Uzhavar Sandhai ),Namakkal,Bold,16000,18000,18000,2025-06-04,"Minimum Price: ₹16000, Maximum Price: ₹18000, Modal Price: ₹18000"
2025-06-04,Chili Red,Perambalur(Uzhavar Sandhai ),Perambalur,Bold,15000,17000,17000,2025-06-04,"Minimum Price: ₹15000, Maximum Price: ₹17000, Modal Price: ₹17000"
2025-06-04,Chili Red,Anna nagar(Uzhavar Sandhai ),Madurai,Bold,20000,20000,20000,2025-06-04,"Minimum Price: ₹20000, Maximum Price: ₹20000, Modal Price: ₹20000"
2025-06-05,Chili Red,Anna nagar(Uzhavar Sandhai ),Madurai,Bold,20000,20000,20000,2025-06-05,"Minimum Price: ₹20000, Maximum Price: ₹20000, Modal Price: ₹20000"
2025-06-05,Chili Red,Perambalur(Uzhavar Sandhai ),Perambalur,Bold,15000,17000,17000,2025-06-05,"Minimum Price: ₹15000, Maximum Price: ₹17000, Modal Price: ₹17000"
2025-06-05,Chili Red,Rasipuram(Uzhavar Sandhai ),Namakkal,Bold,18000,20000,20000,2025-06-05,"Minimum Price: ₹18000, Maximum Price: ₹20000, Modal Price: ₹20000"
2025-06-05,Chili Red,Namakkal(Uzhavar Sandhai ),Namakkal,Bold,16000,18000,18000,2025-06-05,"Minimum Price: ₹16000, Maximum Price: ₹18000, Modal Price: ₹18000"
2025-06-05,Chili Red,Ambattur(Uzhavar Sandhai ),Thiruvallur,Bold,20000,20000,20000,2025-06-05,"Minimum Price: ₹20000, Maximum Price: ₹20000, Modal Price: ₹20000"
2025-06-06,Chili Red,Ambattur(Uzhavar Sandhai ),Thiruvallur,Bold,20000,20000,20000,2025-06-06,"Minimum Price: ₹20000, Maximum Price: ₹20000, Modal Price: ₹20000"
2025-06-06,Chili Red,Rasipuram(Uzhavar Sandhai ),Namakkal,Bold,18000,20000,20000,2025-06-06,"Minimum Price: ₹18000, Maximum Price: ₹20000, Modal Price: ₹20000"
2025-06-06,Chili Red,Anna nagar(Uzhavar Sandhai ),Madurai,Bold,20000,20000,20000,2025-06-06,"Minimum Price: ₹20000, Maximum Price: ₹20000, Modal Price: ₹20000"
2025-06-06,Chili Red,Perambalur(Uzhavar Sandhai ),Perambalur,Bold,15000,17000,17000,2025-06-06,"Minimum Price: ₹15000, Maximum Price: ₹17000, Modal Price: ₹17000"
2025-06-06,Chili Red,Namakkal(Uzhavar Sandhai ),Namakkal,Bold,16000,18000,18000,2025-06-06,"Minimum Price: ₹16000, Maximum Price: ₹18000, Modal Price: ₹18000"
2025-06-07,Chili Red,Anna nagar(Uzhavar Sandhai ),Madurai,Bold,22000,22000,22000,2025-06-07,"Minimum Price: ₹22000, Maximum Price: ₹22000, Modal Price: ₹22000"
2025-06-07,Chili Red,Perambalur(Uzhavar Sandhai ),Perambalur,Bold,15000,17000,17000,2025-06-07,"Minimum Price: ₹15000, Maximum Price: ₹17000, Modal Price: ₹17000"
2025-06-07,Chili Red,Namakkal(Uzhavar Sandhai ),Namakkal,Bold,16500,18000,18000,2025-06-07,"Minimum Price: ₹16500, Maximum Price: ₹18000, Modal Price: ₹18000"
2025-06-07,Chili Red,Rasipuram(Uzhavar Sandhai ),Namakkal,Bold,18000,20000,20000,2025-06-07,"Minimum Price: ₹18000, Maximum Price: ₹20000, Modal Price: ₹20000"
2025-06-07,Chili Red,Ambattur(Uzhavar Sandhai ),Thiruvallur,Bold,20000,20000,20000,2025-06-07,"Minimum Price: ₹20000, Maximum Price: ₹20000, Modal Price: ₹20000"
2025-06-08,Chili Red,Ambattur(Uzhavar Sandhai ),Thiruvallur,Bold,20000,20000,20000,2025-06-08,"Minimum Price: ₹20000, Maximum Price: ₹20000, Modal Price: ₹20000"
2025-06-08,Chili Red,Tiruppur (North) (Uzhavar Sandhai ),Coimbatore,Bold,16000,17000,17000,2025-06-08,"Minimum Price: ₹16000, Maximum Price: ₹17000, Modal Price: ₹17000"
2025-06-08,Chili Red,Perambalur(Uzhavar Sandhai ),Perambalur,Bold,15000,17000,17000,2025-06-08,"Minimum Price: ₹15000, Maximum Price: ₹17000, Modal Price: ₹17000"
2025-06-08,Chili Red,Anna nagar(Uzhavar Sandhai ),Madurai,Bold,20000,20000,20000,2025-06-08,"Minimum Price: ₹20000, Maximum Price: ₹20000, Modal Price: ₹20000"
2025-06-08,Chili Red,Namakkal(Uzhavar Sandhai ),Namakkal,Bold,16000,18000,18000,2025-06-08,"Minimum Price: ₹16000, Maximum Price: ₹18000, Modal Price: ₹18000"
2025-06-08,Chili Red,Rasipuram(Uzhavar Sandhai ),Namakkal,Bold,18000,20000,20000,2025-06-08,"Minimum Price: ₹18000, Maximum Price: ₹20000, Modal Price: ₹20000"
2025-06-09,Chili Red,Anna nagar(Uzhavar Sandhai ),Madurai,Bold,22000,22000,22000,2025-06-09,"Minimum Price: ₹22000, Maximum Price: ₹22000, Modal Price: ₹22000"
2025-06-09,Chili Red,Perambalur(Uzhavar Sandhai ),Perambalur,Bold,15000,17000,17000,2025-06-09,"Minimum Price: ₹15000, Maximum Price: ₹17000, Modal Price: ₹17000"
2025-06-09,Chili Red,Namakkal(Uzhavar Sandhai ),Namakkal,Bold,16500,18000,18000,2025-06-09,"Minimum Price: ₹16500, Maximum Price: ₹18000, Modal Price: ₹18000"
2025-06-09,Chili Red,Rasipuram(Uzhavar Sandhai ),Namakkal,Bold,18000,20000,20000,2025-06-09,"Minimum Price: ₹18000, Maximum Price: ₹20000, Modal Price: ₹20000"
2025-06-09,Chili Red,Ambattur(Uzhavar Sandhai ),Thiruvallur,Bold,20000,20000,20000,2025-06-09,"Minimum Price: ₹20000, Maximum Price: ₹20000, Modal Price: ₹20000"
2025-06-11,Chili Red,Anna nagar(Uzhavar Sandhai ),Madurai,Bold,20000,20000,20000,2025-06-11,"Minimum Price: ₹20000, Maximum Price: ₹20000, Modal Price: ₹20000"
2025-06-11,Chili Red,Perambalur(Uzhavar Sandhai ),Perambalur,Bold,15000,17000,17000,2025-06-11,"Minimum Price: ₹15000, Maximum Price: ₹17000, Modal Price: ₹17000"
2025-06-11,Chili Red,Namakkal(Uzhavar Sandhai ),Namakkal,Bold,16000,18000,18000,2025-06-11,"Minimum Price: ₹16000, Maximum Price: ₹18000, Modal Price: ₹18000"
2025-06-11,Chili Red,Rasipuram(Uzhavar Sandhai ),Namakkal,Bold,18000,20000,20000,2025-06-11,"Minimum Price: ₹18000, Maximum Price: ₹20000, Modal Price: ₹20000"
2025-06-11,Chili Red,Ambattur(Uzhavar Sandhai ),Thiruvallur,Bold,20000,20000,20000,2025-06-11,"Minimum Price: ₹20000, Maximum Price: ₹20000, Modal Price: ₹20000"
2025-06-12,Chili Red,Ambattur(Uzhavar Sandhai ),Thiruvallur,Bold,20000,20000,20000,2025-06-12,"Minimum Price: ₹20000, Maximum Price: ₹20000, Modal Price: ₹20000"
2025-06-12,Chili Red,Rasipuram(Uzhavar Sandhai ),Namakkal,Bold,18000,20000,20000,2025-06-12,"Minimum Price: ₹18000, Maximum Price: ₹20000, Modal Price: ₹20000"
2025-06-12,Chili Red,Perambalur(Uzhavar Sandhai ),Perambalur,Bold,15000,17000,17000,2025-06-12,"Minimum Price: ₹15000, Maximum Price: ₹17000, Modal Price: ₹17000"
2025-06-12,Chili Red,Namakkal(Uzhavar Sandhai ),Namakkal,Bold,16000,18000,18000,2025-06-12,"Minimum Price: ₹16000, Maximum Price: ₹18000, Modal Price: ₹18000"
2025-06-12,Chili Red,Anna nagar(Uzhavar Sandhai ),Madurai,Bold,20000,20000,20000,2025-06-12,"Minimum Price: ₹20000, Maximum Price: ₹20000, Modal Price: ₹20000"
2025-06-13,Chili Red,Anna nagar(Uzhavar Sandhai ),Madurai,Bold,20000,20000,20000,2025-06-13,"Minimum Price: ₹20000, Maximum Price: ₹20000, Modal Price: ₹20000"
2025-06-13,Chili Red,Namakkal(Uzhavar Sandhai ),Namakkal,Bold,15000,18000,18000,2025-06-13,"Minimum Price: ₹15000, Maximum Price: ₹18000, Modal Price: ₹18000"
2025-06-13,Chili Red,Rasipuram(Uzhavar Sandhai ),Namakkal,Bold,18000,20000,20000,2025-06-13,"Minimum Price: ₹18000, Maximum Price: ₹20000, Modal Price: ₹20000"
2025-06-13,Chili Red,Ambattur(Uzhavar Sandhai ),Thiruvallur,Bold,20000,20000,20000,2025-06-13,"Minimum Price: ₹20000, Maximum Price: ₹20000, Modal Price: ₹20000"
2025-06-13,Chili Red,Perambalur(Uzhavar Sandhai ),Perambalur,Bold,15000,17000,17000,2025-06-13,"Minimum Price: ₹15000, Maximum Price: ₹17000, Modal Price: ₹17000"
2025-06-14,Chili Red,Perambalur(Uzhavar Sandhai ),Perambalur,Bold,15000,17000,17000,2025-06-14,"Minimum Price: ₹15000, Maximum Price: ₹17000, Modal Price: ₹17000"
2025-06-14,Chili Red,Rasipuram(Uzhavar Sandhai ),Namakkal,Bold,18000,20000,20000,2025-06-14,"Minimum Price: ₹18000, Maximum Price: ₹20000, Modal Price: ₹20000"
2025-06-14,Chili Red,Ambattur(Uzhavar Sandhai ),Thiruvallur,Bold,20000,20000,20000,2025-06-14,"Minimum Price: ₹20000, Maximum Price: ₹20000, Modal Price: ₹20000"
2025-06-14,Chili Red,Anna nagar(Uzhavar Sandhai ),Madurai,Bold,20000,20000,20000,2025-06-14,"Minimum Price: ₹20000, Maximum Price: ₹20000, Modal Price: ₹20000"
2025-06-14,Chili Red,Namakkal(Uzhavar Sandhai ),Namakkal,Bold,16000,18000,18000,2025-06-14,"Minimum Price: ₹16000, Maximum Price: ₹18000, Modal Price: ₹18000"
2025-06-15,Chili Red,Anna nagar(Uzhavar Sandhai ),Madurai,Bold,20000,20000,20000,2025-06-15,"Minimum Price: ₹20000, Maximum Price: ₹20000, Modal Price: ₹20000"
2025-06-15,Chili Red,Tiruppur (North) (Uzhavar Sandhai ),Coimbatore,Bold,16000,17000,17000,2025-06-15,"Minimum Price: ₹16000, Maximum Price: ₹17000, Modal Price: ₹17000"
2025-06-15,Chili Red,Ambattur(Uzhavar Sandhai ),Thiruvallur,Bold,20000,20000,20000,2025-06-15,"Minimum Price: ₹20000, Maximum Price: ₹20000, Modal Price: ₹20000"
2025-06-15,Chili Red,Perambalur(Uzhavar Sandhai ),Perambalur,Bold,15000,17000,17000,2025-06-15,"Minimum Price: ₹15000, Maximum Price: ₹17000, Modal Price: ₹17000"
2025-06-15,Chili Red,Namakkal(Uzhavar Sandhai ),Namakkal,Bold,15000,18000,18000,2025-06-15,"Minimum Price: ₹15000, Maximum Price: ₹18000, Modal Price: ₹18000"
2025-06-15,Chili Red,Rasipuram(Uzhavar Sandhai ),Namakkal,Bold,18000,20000,20000,2025-06-15,"Minimum Price: ₹18000, Maximum Price: ₹20000, Modal Price: ₹20000"
2025-06-16,Chili Red,Anna nagar(Uzhavar Sandhai ),Madurai,Bold,20000,20000,20000,2025-06-16,"Minimum Price: ₹20000, Maximum Price: ₹20000, Modal Price: ₹20000"
2025-06-16,Chili Red,Namakkal(Uzhavar Sandhai ),Namakkal,Bold,16000,18000,18000,2025-06-16,"Minimum Price: ₹16000, Maximum Price: ₹18000, Modal Price: ₹18000"
2025-06-16,Chili Red,Rasipuram(Uzhavar Sandhai ),Namakkal,Bold,18000,20000,20000,2025-06-16,"Minimum Price: ₹18000, Maximum Price: ₹20000, Modal Price: ₹20000"
2025-06-16,Chili Red,Ambattur(Uzhavar Sandhai ),Thiruvallur,Bold,20000,20000,20000,2025-06-16,"Minimum Price: ₹20000, Maximum Price: ₹20000, Modal Price: ₹20000"
2025-06-16,Chili Red,Tiruppur (North) (Uzhavar Sandhai ),Coimbatore,Bold,16000,17000,17000,2025-06-16,"Minimum Price: ₹16000, Maximum Price: ₹17000, Modal Price: ₹17000"
2025-06-17,Chili Red,Anna nagar(Uzhavar Sandhai ),Madurai,Bold,18000,18000,18000,2025-06-17,"Minimum Price: ₹18000, Maximum Price: ₹18000, Modal Price: ₹18000"
2025-06-17,Chili Red,Perambalur(Uzhavar Sandhai ),Perambalur,Bold,15000,17000,17000,2025-06-17,"Minimum Price: ₹15000, Maximum Price: ₹17000, Modal Price: ₹17000"
2025-06-17,Chili Red,Rasipuram(Uzhavar Sandhai ),Namakkal,Bold,18000,20000,20000,2025-06-17,"Minimum Price: ₹18000, Maximum Price: ₹20000, Modal Price: ₹20000"
2025-06-17,Chili Red,Ambattur(Uzhavar Sandhai ),Thiruvallur,Bold,20000,20000,20000,2025-06-17,"Minimum Price: ₹20000, Maximum Price: ₹20000, Modal Price: ₹20000"
2025-06-17,Chili Red,Namakkal(Uzhavar Sandhai ),Namakkal,Bold,16000,18000,18000,2025-06-17,"Minimum Price: ₹16000, Maximum Price: ₹18000, Modal Price: ₹18000"
2025-06-18,Chili Red,Perambalur(Uzhavar Sandhai ),Perambalur,Bold,15000,17000,17000,2025-06-18,"Minimum Price: ₹15000, Maximum Price: ₹17000, Modal Price: ₹17000"
2025-06-18,Chili Red,Ambattur(Uzhavar Sandhai ),Thiruvallur,Bold,20000,20000,20000,2025-06-18,"Minimum Price: ₹20000, Maximum Price: ₹20000, Modal Price: ₹20000"
2025-06-18,Chili Red,Namakkal(Uzhavar Sandhai ),Namakkal,Bold,16000,18000,18000,2025-06-18,"Minimum Price: ₹16000, Maximum Price: ₹18000, Modal Price: ₹18000"
2025-06-18,Chili Red,Anna nagar(Uzhavar Sandhai ),Madurai,Bold,20000,20000,20000,2025-06-18,"Minimum Price: ₹20000, Maximum Price: ₹20000, Modal Price: ₹20000"
2025-06-18,Chili Red,Rasipuram(Uzhavar Sandhai ),Namakkal,Bold,16000,20000,20000,2025-06-18,"Minimum Price: ₹16000, Maximum Price: ₹20000, Modal Price: ₹20000"
2025-06-19,Chili Red,Anna nagar(Uzhavar Sandhai ),Madurai,Bold,18000,18000,18000,2025-06-19,"Minimum Price: ₹18000, Maximum Price: ₹18000, Modal Price: ₹18000"
2025-06-19,Chili Red,Namakkal(Uzhavar Sandhai ),Namakkal,Bold,16000,18000,18000,2025-06-19,"Minimum Price: ₹16000, Maximum Price: ₹18000, Modal Price: ₹18000"
2025-06-19,Chili Red,Rasipuram(Uzhavar Sandhai ),Namakkal,Bold,18000,20000,20000,2025-06-19,"Minimum Price: ₹18000, Maximum Price: ₹20000, Modal Price: ₹20000"
2025-06-19,Chili Red,Perambalur(Uzhavar Sandhai ),Perambalur,Bold,15000,17000,17000,2025-06-19,"Minimum Price: ₹15000, Maximum Price: ₹17000, Modal Price: ₹17000"
2025-06-20,Chili Red,Perambalur(Uzhavar Sandhai ),Perambalur,Bold,15000,17000,17000,2025-06-20,"Minimum Price: ₹15000, Maximum Price: ₹17000, Modal Price: ₹17000"
2025-06-20,Chili Red,Ambattur(Uzhavar Sandhai ),Thiruvallur,Bold,20000,20000,20000,2025-06-20,"Minimum Price: ₹20000, Maximum Price: ₹20000, Modal Price: ₹20000"
2025-06-20,Chili Red,Namakkal(Uzhavar Sandhai ),Namakkal,Bold,16000,18000,18000,2025-06-20,"Minimum Price: ₹16000, Maximum Price: ₹18000, Modal Price: ₹18000"
2025-06-20,Chili Red,Rasipuram(Uzhavar Sandhai ),Namakkal,Bold,18000,20000,20000,2025-06-20,"Minimum Price: ₹18000, Maximum Price: ₹20000, Modal Price: ₹20000"
2025-06-20,Chili Red,Anna nagar(Uzhavar Sandhai ),Madurai,Bold,18000,18000,18000,2025-06-20,"Minimum Price: ₹18000, Maximum Price: ₹18000, Modal Price: ₹18000"
2025-06-21,Chili Red,Namakkal(Uzhavar Sandhai ),Namakkal,Bold,16000,18000,18000,2025-06-21,"Minimum Price: ₹16000, Maximum Price: ₹18000, Modal Price: ₹18000"
2025-06-21,Chili Red,Anna nagar(Uzhavar Sandhai ),Madurai,Bold,22000,22000,22000,2025-06-21,"Minimum Price: ₹22000, Maximum Price: ₹22000, Modal Price: ₹22000"
2025-06-21,Chili Red,Rasipuram(Uzhavar Sandhai ),Namakkal,Bold,18000,20000,20000,2025-06-21,"Minimum Price: ₹18000, Maximum Price: ₹20000, Modal Price: ₹20000"
2025-06-21,Chili Red,Ambattur(Uzhavar Sandhai ),Thiruvallur,Bold,20000,20000,20000,2025-06-21,"Minimum Price: ₹20000, Maximum Price: ₹20000, Modal Price: ₹20000"
2025-06-21,Chili Red,Perambalur(Uzhavar Sandhai ),Perambalur,Bold,15000,17000,17000,2025-06-21,"Minimum Price: ₹15000, Maximum Price: ₹17000, Modal Price: ₹17000"
2025-06-22,Chili Red,Anna nagar(Uzhavar Sandhai ),Madurai,Bold,20000,20000,20000,2025-06-22,"Minimum Price: ₹20000, Maximum Price: ₹20000, Modal Price: ₹20000"
2025-06-22,Chili Red,Perambalur(Uzhavar Sandhai ),Perambalur,Bold,15000,17000,17000,2025-06-22,"Minimum Price: ₹15000, Maximum Price: ₹17000, Modal Price: ₹17000"
2025-06-22,Chili Red,Namakkal(Uzhavar Sandhai ),Namakkal,Bold,16200,18000,18000,2025-06-22,"Minimum Price: ₹16200, Maximum Price: ₹18000, Modal Price: ₹18000"
2025-06-22,Chili Red,Rasipuram(Uzhavar Sandhai ),Namakkal,Bold,18000,20000,20000,2025-06-22,"Minimum Price: ₹18000, Maximum Price: ₹20000, Modal Price: ₹20000"
2025-06-22,Chili Red,Ambattur(Uzhavar Sandhai ),Thiruvallur,Bold,20000,20000,20000,2025-06-22,"Minimum Price: ₹20000, Maximum Price: ₹20000, Modal Price: ₹20000"
2025-06-22,Chili Red,Tiruppur (North) (Uzhavar Sandhai ),Coimbatore,Bold,15000,16000,16000,2025-06-22,"Minimum Price: ₹15000, Maximum Price: ₹16000, Modal Price: ₹16000"
2025-06-23,Chili Red,Anna nagar(Uzhavar Sandhai ),Madurai,Bold,18000,18000,18000,2025-06-23,"Minimum Price: ₹18000, Maximum Price: ₹18000, Modal Price: ₹18000"
2025-06-23,Chili Red,Namakkal(Uzhavar Sandhai ),Namakkal,Bold,16500,18000,18000,2025-06-23,"Minimum Price: ₹16500, Maximum Price: ₹18000, Modal Price: ₹18000"
2025-06-23,Chili Red,Rasipuram(Uzhavar Sandhai ),Namakkal,Bold,18000,20000,20000,2025-06-23,"Minimum Price: ₹18000, Maximum Price: ₹20000, Modal Price: ₹20000"
2025-06-23,Chili Red,Mohanur(Uzhavar Sandhai ),Namakkal,Bold,11000,12000,12000,2025-06-23,"Minimum Price: ₹11000, Maximum Price: ₹12000, Modal Price: ₹12000"
2025-06-23,Chili Red,Ambattur(Uzhavar Sandhai ),Thiruvallur,Bold,20000,20000,20000,2025-06-23,"Minimum Price: ₹20000, Maximum Price: ₹20000, Modal Price: ₹20000"
2025-06-24,Chili Red,Ambattur(Uzhavar Sandhai ),Thiruvallur,Bold,20000,20000,20000,2025-06-24,"Minimum Price: ₹20000, Maximum Price: ₹20000, Modal Price: ₹20000"
2025-06-24,Chili Red,Rasipuram(Uzhavar Sandhai ),Namakkal,Bold,18000,20000,20000,2025-06-24,"Minimum Price: ₹18000, Maximum Price: ₹20000, Modal Price: ₹20000"
2025-06-24,Chili Red,Mohanur(Uzhavar Sandhai ),Namakkal,Bold,11000,12000,12000,2025-06-24,"Minimum Price: ₹11000, Maximum Price: ₹12000, Modal Price: ₹12000"
2025-06-24,Chili Red,Perambalur(Uzhavar Sandhai ),Perambalur,Bold,15000,17000,17000,2025-06-24,"Minimum Price: ₹15000, Maximum Price: ₹17000, Modal Price: ₹17000"
2025-06-24,Chili Red,Anna nagar(Uzhavar Sandhai ),Madurai,Bold,17000,17000,17000,2025-06-24,"Minimum Price: ₹17000, Maximum Price: ₹17000, Modal Price: ₹17000"
2025-06-24,Chili Red,Namakkal(Uzhavar Sandhai ),Namakkal,Bold,16000,18000,18000,2025-06-24,"Minimum Price: ₹16000, Maximum Price: ₹18000, Modal Price: ₹18000"
2025-06-25,Chili Red,Mohanur(Uzhavar Sandhai ),Namakkal,Bold,11000,12000,12000,2025-06-25,"Minimum Price: ₹11000, Maximum Price: ₹12000, Modal Price: ₹12000"
2025-06-25,Chili Red,Rasipuram(Uzhavar Sandhai ),Namakkal,Bold,18000,20000,20000,2025-06-25,"Minimum Price: ₹18000, Maximum Price: ₹20000, Modal Price: ₹20000"
2025-06-25,Chili Red,Namakkal(Uzhavar Sandhai ),Namakkal,Bold,16000,18000,18000,2025-06-25,"Minimum Price: ₹16000, Maximum Price: ₹18000, Modal Price: ₹18000"
2025-06-25,Chili Red,Perambalur(Uzhavar Sandhai ),Perambalur,Bold,15000,17000,17000,2025-06-25,"Minimum Price: ₹15000, Maximum Price: ₹17000, Modal Price: ₹17000"
2025-06-25,Chili Red,Anna nagar(Uzhavar Sandhai ),Madurai,Bold,20000,20000,20000,2025-06-25,"Minimum Price: ₹20000, Maximum Price: ₹20000, Modal Price: ₹20000"
2025-06-25,Chili Red,Ambattur(Uzhavar Sandhai ),Thiruvallur,Bold,20000,20000,20000,2025-06-25,"Minimum Price: ₹20000, Maximum Price: ₹20000, Modal Price: ₹20000"
2025-06-26,Chili Red,Anna nagar(Uzhavar Sandhai ),Madurai,Bold,20000,20000,20000,2025-06-26,"Minimum Price: ₹20000, Maximum Price: ₹20000, Modal Price: ₹20000"
2025-06-26,Chili Red,Namakkal(Uzhavar Sandhai ),Namakkal,Bold,16000,18000,18000,2025-06-26,"Minimum Price: ₹16000, Maximum Price: ₹18000, Modal Price: ₹18000"
2025-06-26,Chili Red,Rasipuram(Uzhavar Sandhai ),Namakkal,Bold,18000,20000,20000,2025-06-26,"Minimum Price: ₹18000, Maximum Price: ₹20000, Modal Price: ₹20000"
2025-06-26,Chili Red,Ambattur(Uzhavar Sandhai ),Thiruvallur,Bold,20000,20000,20000,2025-06-26,"Minimum Price: ₹20000, Maximum Price: ₹20000, Modal Price: ₹20000"
2025-06-26,Chili Red,Perambalur(Uzhavar Sandhai ),Perambalur,Bold,15000,17000,17000,2025-06-26,"Minimum Price: ₹15000, Maximum Price: ₹17000, Modal Price: ₹17000"
2025-06-28,Chili Red,Anna nagar(Uzhavar Sandhai ),Madurai,Bold,18000,18000,18000,2025-06-28,"Minimum Price: ₹18000, Maximum Price: ₹18000, Modal Price: ₹18000"
2025-06-28,Chili Red,Tiruppur (North) (Uzhavar Sandhai ),Coimbatore,Bold,15000,16000,16000,2025-06-28,"Minimum Price: ₹15000, Maximum Price: ₹16000, Modal Price: ₹16000"
2025-06-28,Chili Red,Ambattur(Uzhavar Sandhai ),Thiruvallur,Bold,20000,20000,20000,2025-06-28,"Minimum Price: ₹20000, Maximum Price: ₹20000, Modal Price: ₹20000"
2025-06-28,Chili Red,Namakkal(Uzhavar Sandhai ),Namakkal,Bold,16500,18000,18000,2025-06-28,"Minimum Price: ₹16500, Maximum Price: ₹18000, Modal Price: ₹18000"
2025-06-28,Chili Red,Perambalur(Uzhavar Sandhai ),Perambalur,Bold,15000,17000,17000,2025-06-28,"Minimum Price: ₹15000, Maximum Price: ₹17000, Modal Price: ₹17000"
2025-06-28,Chili Red,Rasipuram(Uzhavar Sandhai ),Namakkal,Bold,16000,18000,18000,2025-06-28,"Minimum Price: ₹16000, Maximum Price: ₹18000, Modal Price: ₹18000"
2025-06-29,Chili Red,Tiruppur (North) (Uzhavar Sandhai ),Coimbatore,Bold,15000,16000,16000,2025-06-29,"Minimum Price: ₹15000, Maximum Price: ₹16000, Modal Price: ₹16000"
2025-06-29,Chili Red,Ambattur(Uzhavar Sandhai ),Thiruvallur,Bold,20000,20000,20000,2025-06-29,"Minimum Price: ₹20000, Maximum Price: ₹20000, Modal Price: ₹20000"
2025-06-29,Chili Red,Mohanur(Uzhavar Sandhai ),Namakkal,Bold,11000,12000,12000,2025-06-29,"Minimum Price: ₹11000, Maximum Price: ₹12000, Modal Price: ₹12000"
2025-06-29,Chili Red,Namakkal(Uzhavar Sandhai ),Namakkal,Bold,16500,18000,18000,2025-06-29,"Minimum Price: ₹16500, Maximum Price: ₹18000, Modal Price: ₹18000"
2025-06-29,Chili Red,Anna nagar(Uzhavar Sandhai ),Madurai,Bold,20000,20000,20000,2025-06-29,"Minimum Price: ₹20000, Maximum Price: ₹20000, Modal Price: ₹20000"
2025-06-29,Chili Red,Rasipuram(Uzhavar Sandhai ),Namakkal,Bold,16000,18000,18000,2025-06-29,"Minimum Price: ₹16000, Maximum Price: ₹18000, Modal Price: ₹18000"
2025-06-30,Chili Red,Ambattur(Uzhavar Sandhai ),Thiruvallur,Bold,20000,20000,20000,2025-06-30,"Minimum Price: ₹20000, Maximum Price: ₹20000, Modal Price: ₹20000"
2025-06-30,Chili Red,Anna nagar(Uzhavar Sandhai ),Madurai,Bold,20000,20000,20000,2025-06-30,"Minimum Price: ₹20000, Maximum Price: ₹20000, Modal Price: ₹20000"
2025-06-30,Chili Red,Perambalur(Uzhavar Sandhai ),Perambalur,Bold,14000,17000,17000,2025-06-30,"Minimum Price: ₹14000, Maximum Price: ₹17000, Modal Price: ₹17000"
2025-06-30,Chili Red,Namakkal(Uzhavar Sandhai ),Namakkal,Bold,16500,18000,18000,2025-06-30,"Minimum Price: ₹16500, Maximum Price: ₹18000, Modal Price: ₹18000"
2025-06-30,Chili Red,Rasipuram(Uzhavar Sandhai ),Namakkal,Bold,15000,18000,18000,2025-06-30,"Minimum Price: ₹15000, Maximum Price: ₹18000, Modal Price: ₹18000"
2025-07-01,Chili Red,Perambalur(Uzhavar Sandhai ),Perambalur,Bold,16000,17000,17000,2025-07-01,"Minimum Price: ₹16000, Maximum Price: ₹17000, Modal Price: ₹17000"
2025-07-01,Chili Red,Ambattur(Uzhavar Sandhai ),Thiruvallur,Bold,20000,20000,20000,2025-07-01,"Minimum Price: ₹20000, Maximum Price: ₹20000, Modal Price: ₹20000"
2025-07-01,Chili Red,Rasipuram(Uzhavar Sandhai ),Namakkal,Bold,15000,18000,18000,2025-07-01,"Minimum Price: ₹15000, Maximum Price: ₹18000, Modal Price: ₹18000"
2025-07-01,Chili Red,Anna nagar(Uzhavar Sandhai ),Madurai,Bold,20000,20000,20000,2025-07-01,"Minimum Price: ₹20000, Maximum Price: ₹20000, Modal Price: ₹20000"
2025-07-01,Chili Red,Namakkal(Uzhavar Sandhai ),Namakkal,Bold,16000,18000,18000,2025-07-01,"Minimum Price: ₹16000, Maximum Price: ₹18000, Modal Price: ₹18000"
2025-07-02,Chili Red,Anna nagar(Uzhavar Sandhai ),Madurai,Bold,20000,20000,20000,2025-07-02,"Minimum Price: ₹20000, Maximum Price: ₹20000, Modal Price: ₹20000"
2025-07-02,Chili Red,Namakkal(Uzhavar Sandhai ),Namakkal,Bold,16000,18000,18000,2025-07-02,"Minimum Price: ₹16000, Maximum Price: ₹18000, Modal Price: ₹18000"
2025-07-02,Chili Red,Rasipuram(Uzhavar Sandhai ),Namakkal,Bold,15000,18000,18000,2025-07-02,"Minimum Price: ₹15000, Maximum Price: ₹18000, Modal Price: ₹18000"
2025-07-02,Chili Red,Ambattur(Uzhavar Sandhai ),Thiruvallur,Bold,20000,20000,20000,2025-07-02,"Minimum Price: ₹20000, Maximum Price: ₹20000, Modal Price: ₹20000"
2025-07-02,Chili Red,Perambalur(Uzhavar Sandhai ),Perambalur,Bold,16000,17000,17000,2025-07-02,"Minimum Price: ₹16000, Maximum Price: ₹17000, Modal Price: ₹17000"
2025-07-03,Chili Red,Tiruppur (North) (Uzhavar Sandhai ),Coimbatore,Bold,15000,16000,16000,2025-07-03,"Minimum Price: ₹15000, Maximum Price: ₹16000, Modal Price: ₹16000"
2025-07-03,Chili Red,Ambattur(Uzhavar Sandhai ),Thiruvallur,Bold,20000,20000,20000,2025-07-03,"Minimum Price: ₹20000, Maximum Price: ₹20000, Modal Price: ₹20000"
2025-07-03,Chili Red,Rasipuram(Uzhavar Sandhai ),Namakkal,Bold,15000,18000,18000,2025-07-03,"Minimum Price: ₹15000, Maximum Price: ₹18000, Modal Price: ₹18000"
2025-07-03,Chili Red,Namakkal(Uzhavar Sandhai ),Namakkal,Bold,16000,18000,18000,2025-07-03,"Minimum Price: ₹16000, Maximum Price: ₹18000, Modal Price: ₹18000"
2025-07-03,Chili Red,Anna nagar(Uzhavar Sandhai ),Madurai,Bold,20000,20000,20000,2025-07-03,"Minimum Price: ₹20000, Maximum Price: ₹20000, Modal Price: ₹20000"
2025-07-03,Chili Red,Perambalur(Uzhavar Sandhai ),Perambalur,Bold,15000,17000,17000,2025-07-03,"Minimum Price: ₹15000, Maximum Price: ₹17000, Modal Price: ₹17000"
2025-07-04,Chili Red,Tiruppur (North) (Uzhavar Sandhai ),Coimbatore,Bold,15000,16000,16000,2025-07-04,"Minimum Price: ₹15000, Maximum Price: ₹16000, Modal Price: ₹16000"
2025-07-04,Chili Red,Ambattur(Uzhavar Sandhai ),Thiruvallur,Bold,20000,20000,20000,2025-07-04,"Minimum Price: ₹20000, Maximum Price: ₹20000, Modal Price: ₹20000"
2025-07-04,Chili Red,Perambalur(Uzhavar Sandhai ),Perambalur,Bold,15000,17000,17000,2025-07-04,"Minimum Price: ₹15000, Maximum Price: ₹17000, Modal Price: ₹17000"
2025-07-04,Chili Red,Namakkal(Uzhavar Sandhai ),Namakkal,Bold,16000,18000,18000,2025-07-04,"Minimum Price: ₹16000, Maximum Price: ₹18000, Modal Price: ₹18000"
2025-07-04,Chili Red,Rasipuram(Uzhavar Sandhai ),Namakkal,Bold,15000,18000,18000,2025-07-04,"Minimum Price: ₹15000, Maximum Price: ₹18000, Modal Price: ₹18000"
2025-07-04,Chili Red,Anna nagar(Uzhavar Sandhai ),Madurai,Bold,20000,20000,20000,2025-07-04,"Minimum Price: ₹20000, Maximum Price: ₹20000, Modal Price: ₹20000"
2025-07-05,Chili Red,Ambattur(Uzhavar Sandhai ),Thiruvallur,Bold,20000,20000,20000,2025-07-05,"Minimum Price: ₹20000, Maximum Price: ₹20000, Modal Price: ₹20000"
2025-07-05,Chili Red,Rasipuram(Uzhavar Sandhai ),Namakkal,Bold,16000,18000,18000,2025-07-05,"Minimum Price: ₹16000, Maximum Price: ₹18000, Modal Price: ₹18000"
2025-07-05,Chili Red,Namakkal(Uzhavar Sandhai ),Namakkal,Bold,16000,18000,18000,2025-07-05,"Minimum Price: ₹16000, Maximum Price: ₹18000, Modal Price: ₹18000"
2025-07-05,Chili Red,Perambalur(Uzhavar Sandhai ),Perambalur,Bold,15000,17000,17000,2025-07-05,"Minimum Price: ₹15000, Maximum Price: ₹17000, Modal Price: ₹17000"
2025-07-05,Chili Red,Anna nagar(Uzhavar Sandhai ),Madurai,Bold,20000,20000,20000,2025-07-05,"Minimum Price: ₹20000, Maximum Price: ₹20000, Modal Price: ₹20000"
2025-07-07,Chili Red,Rasipuram(Uzhavar Sandhai ),Namakkal,Bold,15000,18000,18000,2025-07-07,"Minimum Price: ₹15000, Maximum Price: ₹18000, Modal Price: ₹18000"
2025-07-07,Chili Red,Namakkal(Uzhavar Sandhai ),Namakkal,Bold,16500,18000,18000,2025-07-07,"Minimum Price: ₹16500, Maximum Price: ₹18000, Modal Price: ₹18000"
2025-07-07,Chili Red,Perambalur(Uzhavar Sandhai ),Perambalur,Bold,16000,17000,17000,2025-07-07,"Minimum Price: ₹16000, Maximum Price: ₹17000, Modal Price: ₹17000"
2025-07-07,Chili Red,Anna nagar(Uzhavar Sandhai ),Madurai,Bold,20000,20000,20000,2025-07-07,"Minimum Price: ₹20000, Maximum Price: ₹20000, Modal Price: ₹20000"
2025-07-07,Chili Red,Ambattur(Uzhavar Sandhai ),Thiruvallur,Bold,20000,20000,20000,2025-07-07,"Minimum Price: ₹20000, Maximum Price: ₹20000, Modal Price: ₹20000"
2025-07-08,Chili Red,Perambalur(Uzhavar Sandhai ),Perambalur,Bold,16000,17000,17000,2025-07-08,"Minimum Price: ₹16000, Maximum Price: ₹17000, Modal Price: ₹17000"
2025-07-08,Chili Red,Anna nagar(Uzhavar Sandhai ),Madurai,Bold,20000,20000,20000,2025-07-08,"Minimum Price: ₹20000, Maximum Price: ₹20000, Modal Price: ₹20000"
2025-07-08,Chili Red,Rasipuram(Uzhavar Sandhai ),Namakkal,Bold,15000,18000,18000,2025-07-08,"Minimum Price: ₹15000, Maximum Price: ₹18000, Modal Price: ₹18000"
2025-07-08,Chili Red,Ambattur(Uzhavar Sandhai ),Thiruvallur,Bold,20000,20000,20000,2025-07-08,"Minimum Price: ₹20000, Maximum Price: ₹20000, Modal Price: ₹20000"
2025-07-08,Chili Red,Namakkal(Uzhavar Sandhai ),Namakkal,Bold,16000,18000,18000,2025-07-08,"Minimum Price: ₹16000, Maximum Price: ₹18000, Modal Price: ₹18000"
2025-07-09,Chili Red,Ambattur(Uzhavar Sandhai ),Thiruvallur,Bold,20000,20000,20000,2025-07-09,"Minimum Price: ₹20000, Maximum Price: ₹20000, Modal Price: ₹20000"
2025-07-09,Chili Red,Namakkal(Uzhavar Sandhai ),Namakkal,Bold,16000,18000,18000,2025-07-09,"Minimum Price: ₹16000, Maximum Price: ₹18000, Modal Price: ₹18000"
2025-07-09,Chili Red,Rasipuram(Uzhavar Sandhai ),Namakkal,Bold,15000,18000,18000,2025-07-09,"Minimum Price: ₹15000, Maximum Price: ₹18000, Modal Price: ₹18000"
2025-07-09,Chili Red,Anna nagar(Uzhavar Sandhai ),Madurai,Bold,20000,20000,20000,2025-07-09,"Minimum Price: ₹20000, Maximum Price: ₹20000, Modal Price: ₹20000"
2025-07-09,Chili Red,Perambalur(Uzhavar Sandhai ),Perambalur,Bold,15000,17000,17000,2025-07-09,"Minimum Price: ₹15000, Maximum Price: ₹17000, Modal Price: ₹17000"
2025-07-10,Chili Red,Perambalur(Uzhavar Sandhai ),Perambalur,Bold,15000,17000,17000,2025-07-10,"Minimum Price: ₹15000, Maximum Price: ₹17000, Modal Price: ₹17000"
2025-07-10,Chili Red,Anna nagar(Uzhavar Sandhai ),Madurai,Bold,20000,20000,20000,2025-07-10,"Minimum Price: ₹20000, Maximum Price: ₹20000, Modal Price: ₹20000"
2025-07-10,Chili Red,Namakkal(Uzhavar Sandhai ),Namakkal,Bold,16000,18000,18000,2025-07-10,"Minimum Price: ₹16000, Maximum Price: ₹18000, Modal Price: ₹18000"
2025-07-10,Chili Red,Rasipuram(Uzhavar Sandhai ),Namakkal,Bold,15000,18000,18000,2025-07-10,"Minimum Price: ₹15000, Maximum Price: ₹18000, Modal Price: ₹18000"
2025-07-10,Chili Red,Ambattur(Uzhavar Sandhai ),Thiruvallur,Bold,20000,20000,20000,2025-07-10,"Minimum Price: ₹20000, Maximum Price: ₹20000, Modal Price: ₹20000"
2025-07-11,Chili Red,Perambalur(Uzhavar Sandhai ),Perambalur,Bold,15000,17000,17000,2025-07-11,"Minimum Price: ₹15000, Maximum Price: ₹17000, Modal Price: ₹17000"
2025-07-11,Chili Red,Namakkal(Uzhavar Sandhai ),Namakkal,Bold,16000,18000,18000,2025-07-11,"Minimum Price: ₹16000, Maximum Price: ₹18000, Modal Price: ₹18000"
2025-07-11,Chili Red,Rasipuram(Uzhavar Sandhai ),Namakkal,Bold,15000,18000,18000,2025-07-11,"Minimum Price: ₹15000, Maximum Price: ₹18000, Modal Price: ₹18000"
2025-07-11,Chili Red,Ambattur(Uzhavar Sandhai ),Thiruvallur,Bold,20000,20000,20000,2025-07-11,"Minimum Price: ₹20000, Maximum Price: ₹20000, Modal Price: ₹20000"
2025-07-12,Chili Red,Namakkal(Uzhavar Sandhai ),Namakkal,Bold,16000,18000,18000,2025-07-12,"Minimum Price: ₹16000, Maximum Price: ₹18000, Modal Price: ₹18000"
2025-07-12,Chili Red,Rasipuram(Uzhavar Sandhai ),Namakkal,Bold,16000,18000,18000,2025-07-12,"Minimum Price: ₹16000, Maximum Price: ₹18000, Modal Price: ₹18000"
2025-07-12,Chili Red,Anna nagar(Uzhavar Sandhai ),Madurai,Bold,20000,20000,20000,2025-07-12,"Minimum Price: ₹20000, Maximum Price: ₹20000, Modal Price: ₹20000"
2025-07-12,Chili Red,Perambalur(Uzhavar Sandhai ),Perambalur,Bold,15000,17000,17000,2025-07-12,"Minimum Price: ₹15000, Maximum Price: ₹17000, Modal Price: ₹17000"
2025-07-12,Chili Red,Ambattur(Uzhavar Sandhai ),Thiruvallur,Bold,20000,20000,20000,2025-07-12,"Minimum Price: ₹20000, Maximum Price: ₹20000, Modal Price: ₹20000"
2025-07-13,Chili Red,Anna nagar(Uzhavar Sandhai ),Madurai,Bold,20000,20000,20000,2025-07-13,"Minimum Price: ₹20000, Maximum Price: ₹20000, Modal Price: ₹20000"
2025-07-13,Chili Red,Perambalur(Uzhavar Sandhai ),Perambalur,Bold,15000,17000,17000,2025-07-13,"Minimum Price: ₹15000, Maximum Price: ₹17000, Modal Price: ₹17000"
2025-07-13,Chili Red,Namakkal(Uzhavar Sandhai ),Namakkal,Bold,16500,18000,18000,2025-07-13,"Minimum Price: ₹16500, Maximum Price: ₹18000, Modal Price: ₹18000"
2025-07-13,Chili Red,Ambattur(Uzhavar Sandhai ),Thiruvallur,Bold,20000,20000,20000,2025-07-13,"Minimum Price: ₹20000, Maximum Price: ₹20000, Modal Price: ₹20000"
2025-07-13,Chili Red,Rasipuram(Uzhavar Sandhai ),Namakkal,Bold,16000,18000,18000,2025-07-13,"Minimum Price: ₹16000, Maximum Price: ₹18000, Modal Price: ₹18000"
2025-07-15,Chili Red,Anna nagar(Uzhavar Sandhai ),Madurai,Bold,20000,20000,20000,2025-07-15,"Minimum Price: ₹20000, Maximum Price: ₹20000, Modal Price: ₹20000"
2025-07-15,Chili Red,Perambalur(Uzhavar Sandhai ),Perambalur,Bold,16000,17000,17000,2025-07-15,"Minimum Price: ₹16000, Maximum Price: ₹17000, Modal Price: ₹17000"
2025-07-15,Chili Red,Namakkal(Uzhavar Sandhai ),Namakkal,Bold,15000,18000,18000,2025-07-15,"Minimum Price: ₹15000, Maximum Price: ₹18000, Modal Price: ₹18000"
2025-07-15,Chili Red,Ambattur(Uzhavar Sandhai ),Thiruvallur,Bold,20000,20000,20000,2025-07-15,"Minimum Price: ₹20000, Maximum Price: ₹20000, Modal Price: ₹20000"
2025-07-15,Chili Red,Rasipuram(Uzhavar Sandhai ),Namakkal,Bold,15000,18000,18000,2025-07-15,"Minimum Price: ₹15000, Maximum Price: ₹18000, Modal Price: ₹18000"
2025-07-16,Chili Red,Namakkal(Uzhavar Sandhai ),Namakkal,Bold,16000,18000,18000,2025-07-16,"Minimum Price: ₹16000, Maximum Price: ₹18000, Modal Price: ₹18000"
2025-07-16,Chili Red,Perambalur(Uzhavar Sandhai ),Perambalur,Bold,15000,16000,16000,2025-07-16,"Minimum Price: ₹15000, Maximum Price: ₹16000, Modal Price: ₹16000"
2025-07-16,Chili Red,Ambattur(Uzhavar Sandhai ),Thiruvallur,Bold,20000,20000,20000,2025-07-16,"Minimum Price: ₹20000, Maximum Price: ₹20000, Modal Price: ₹20000"
2025-07-16,Chili Red,Rasipuram(Uzhavar Sandhai ),Namakkal,Bold,15000,18000,18000,2025-07-16,"Minimum Price: ₹15000, Maximum Price: ₹18000, Modal Price: ₹18000"
2025-07-16,Chili Red,Anna nagar(Uzhavar Sandhai ),Madurai,Bold,20000,20000,20000,2025-07-16,"Minimum Price: ₹20000, Maximum Price: ₹20000, Modal Price: ₹20000"
2025-07-17,Chili Red,Rasipuram(Uzhavar Sandhai ),Namakkal,Bold,15000,18000,18000,2025-07-17,"Minimum Price: ₹15000, Maximum Price: ₹18000, Modal Price: ₹18000"
2025-07-17,Chili Red,Namakkal(Uzhavar Sandhai ),Namakkal,Bold,16000,18000,18000,2025-07-17,"Minimum Price: ₹16000, Maximum Price: ₹18000, Modal Price: ₹18000"
2025-07-17,Chili Red,Perambalur(Uzhavar Sandhai ),Perambalur,Bold,15000,17000,17000,2025-07-17,"Minimum Price: ₹15000, Maximum Price: ₹17000, Modal Price: ₹17000"
2025-07-17,Chili Red,Anna nagar(Uzhavar Sandhai ),Madurai,Bold,20000,20000,20000,2025-07-17,"Minimum Price: ₹20000, Maximum Price: ₹20000, Modal Price: ₹20000"
2025-07-17,Chili Red,Ambattur(Uzhavar Sandhai ),Thiruvallur,Bold,20000,20000,20000,2025-07-17,"Minimum Price: ₹20000, Maximum Price: ₹20000, Modal Price: ₹20000"
2025-07-18,Chili Red,Anna nagar(Uzhavar Sandhai ),Madurai,Bold,20000,20000,20000,2025-07-18,"Minimum Price: ₹20000, Maximum Price: ₹20000, Modal Price: ₹20000"
2025-07-18,Chili Red,Perambalur(Uzhavar Sandhai ),Perambalur,Bold,15000,17000,17000,2025-07-18,"Minimum Price: ₹15000, Maximum Price: ₹17000, Modal Price: ₹17000"
2025-07-18,Chili Red,Namakkal(Uzhavar Sandhai ),Namakkal,Bold,16000,18000,18000,2025-07-18,"Minimum Price: ₹16000, Maximum Price: ₹18000, Modal Price: ₹18000"
2025-07-18,Chili Red,Rasipuram(Uzhavar Sandhai ),Namakkal,Bold,16000,18000,18000,2025-07-18,"Minimum Price: ₹16000, Maximum Price: ₹18000, Modal Price: ₹18000"
2025-07-18,Chili Red,Ambattur(Uzhavar Sandhai ),Thiruvallur,Bold,20000,20000,20000,2025-07-18,"Minimum Price: ₹20000, Maximum Price: ₹20000, Modal Price: ₹20000"
2025-07-19,Chili Red,Tiruppur (North) (Uzhavar Sandhai ),Coimbatore,Bold,15000,16000,16000,2025-07-19,"Minimum Price: ₹15000, Maximum Price: ₹16000, Modal Price: ₹16000"
2025-07-19,Chili Red,Ambattur(Uzhavar Sandhai ),Thiruvallur,Bold,20000,20000,20000,2025-07-19,"Minimum Price: ₹20000, Maximum Price: ₹20000, Modal Price: ₹20000"
2025-07-19,Chili Red,Perambalur(Uzhavar Sandhai ),Perambalur,Bold,15000,17000,17000,2025-07-19,"Minimum Price: ₹15000, Maximum Price: ₹17000, Modal Price: ₹17000"
2025-07-19,Chili Red,Anna nagar(Uzhavar Sandhai ),Madurai,Bold,20000,20000,20000,2025-07-19,"Minimum Price: ₹20000, Maximum Price: ₹20000, Modal Price: ₹20000"
2025-07-19,Chili Red,Namakkal(Uzhavar Sandhai ),Namakkal,Bold,16500,18000,18000,2025-07-19,"Minimum Price: ₹16500, Maximum Price: ₹18000, Modal Price: ₹18000"
2025-07-19,Chili Red,Rasipuram(Uzhavar Sandhai ),Namakkal,Bold,15000,18000,18000,2025-07-19,"Minimum Price: ₹15000, Maximum Price: ₹18000, Modal Price: ₹18000"
2025-07-21,Chili Red,Anna nagar(Uzhavar Sandhai ),Madurai,Bold,20000,20000,20000,2025-07-21,"Minimum Price: ₹20000, Maximum Price: ₹20000, Modal Price: ₹20000"
2025-07-21,Chili Red,Rasipuram(Uzhavar Sandhai ),Namakkal,Bold,15000,18000,18000,2025-07-21,"Minimum Price: ₹15000, Maximum Price: ₹18000, Modal Price: ₹18000"
2025-07-21,Chili Red,Ambattur(Uzhavar Sandhai ),Thiruvallur,Bold,20000,20000,20000,2025-07-21,"Minimum Price: ₹20000, Maximum Price: ₹20000, Modal Price: ₹20000"
2025-07-21,Chili Red,Perambalur(Uzhavar Sandhai ),Perambalur,Bold,15000,17000,17000,2025-07-21,"Minimum Price: ₹15000, Maximum Price: ₹17000, Modal Price: ₹17000"
2025-07-22,Chili Red,Perambalur(Uzhavar Sandhai ),Perambalur,Bold,15000,16000,16000,2025-07-22,"Minimum Price: ₹15000, Maximum Price: ₹16000, Modal Price: ₹16000"
2025-07-22,Chili Red,Mohanur(Uzhavar Sandhai ),Namakkal,Bold,12000,13000,13000,2025-07-22,"Minimum Price: ₹12000, Maximum Price: ₹13000, Modal Price: ₹13000"
2025-07-22,Chili Red,Ambattur(Uzhavar Sandhai ),Thiruvallur,Bold,20000,20000,20000,2025-07-22,"Minimum Price: ₹20000, Maximum Price: ₹20000, Modal Price: ₹20000"
2025-07-22,Chili Red,Rasipuram(Uzhavar Sandhai ),Namakkal,Bold,15000,18000,18000,2025-07-22,"Minimum Price: ₹15000, Maximum Price: ₹18000, Modal Price: ₹18000"
2025-07-22,Chili Red,Anna nagar(Uzhavar Sandhai ),Madurai,Bold,20000,20000,20000,2025-07-22,"Minimum Price: ₹20000, Maximum Price: ₹20000, Modal Price: ₹20000"
2025-07-23,Chili Red,Mohanur(Uzhavar Sandhai ),Namakkal,Bold,12000,13000,13000,2025-07-23,"Minimum Price: ₹12000, Maximum Price: ₹13000, Modal Price: ₹13000"
2025-07-23,Chili Red,Ambattur(Uzhavar Sandhai ),Thiruvallur,Bold,20000,20000,20000,2025-07-23,"Minimum Price: ₹20000, Maximum Price: ₹20000, Modal Price: ₹20000"
2025-07-23,Chili Red,Rasipuram(Uzhavar Sandhai ),Namakkal,Bold,14000,16000,16000,2025-07-23,"Minimum Price: ₹14000, Maximum Price: ₹16000, Modal Price: ₹16000"
2025-07-23,Chili Red,Anna nagar(Uzhavar Sandhai ),Madurai,Bold,20000,20000,20000,2025-07-23,"Minimum Price: ₹20000, Maximum Price: ₹20000, Modal Price: ₹20000"
2025-07-23,Chili Red,Namakkal(Uzhavar Sandhai ),Namakkal,Bold,16000,18000,18000,2025-07-23,"Minimum Price: ₹16000, Maximum Price: ₹18000, Modal Price: ₹18000"
2025-07-23,Chili Red,Perambalur(Uzhavar Sandhai ),Perambalur,Bold,15000,17000,17000,2025-07-23,"Minimum Price: ₹15000, Maximum Price: ₹17000, Modal Price: ₹17000"
2025-07-24,Chili Red,Perambalur(Uzhavar Sandhai ),Perambalur,Bold,15000,17000,17000,2025-07-24,"Minimum Price: ₹15000, Maximum Price: ₹17000, Modal Price: ₹17000"
2025-07-24,Chili Red,Namakkal(Uzhavar Sandhai ),Namakkal,Bold,12000,16000,16000,2025-07-24,"Minimum Price: ₹12000, Maximum Price: ₹16000, Modal Price: ₹16000"
2025-07-24,Chili Red,Rasipuram(Uzhavar Sandhai ),Namakkal,Bold,15000,16000,16000,2025-07-24,"Minimum Price: ₹15000, Maximum Price: ₹16000, Modal Price: ₹16000"
2025-07-24,Chili Red,Mohanur(Uzhavar Sandhai ),Namakkal,Bold,12000,13000,13000,2025-07-24,"Minimum Price: ₹12000, Maximum Price: ₹13000, Modal Price: ₹13000"
2025-07-24,Chili Red,Ambattur(Uzhavar Sandhai ),Thiruvallur,Bold,20000,20000,20000,2025-07-24,"Minimum Price: ₹20000, Maximum Price: ₹20000, Modal Price: ₹20000"
2025-07-24,Chili Red,Anna nagar(Uzhavar Sandhai ),Madurai,Bold,20000,20000,20000,2025-07-24,"Minimum Price: ₹20000, Maximum Price: ₹20000, Modal Price: ₹20000"
2025-07-25,Chili Red,Perambalur(Uzhavar Sandhai ),Perambalur,Bold,15000,17000,17000,2025-07-25,"Minimum Price: ₹15000, Maximum Price: ₹17000, Modal Price: ₹17000"
2025-07-25,Chili Red,Ambattur(Uzhavar Sandhai ),Thiruvallur,Bold,20000,20000,20000,2025-07-25,"Minimum Price: ₹20000, Maximum Price: ₹20000, Modal Price: ₹20000"
2025-07-25,Chili Red,Anna nagar(Uzhavar Sandhai ),Madurai,Bold,20000,20000,20000,2025-07-25,"Minimum Price: ₹20000, Maximum Price: ₹20000, Modal Price: ₹20000"
2025-07-25,Chili Red,Rasipuram(Uzhavar Sandhai ),Namakkal,Bold,14000,16000,16000,2025-07-25,"Minimum Price: ₹14000, Maximum Price: ₹16000, Modal Price: ₹16000"
2025-07-25,Chili Red,Namakkal(Uzhavar Sandhai ),Namakkal,Bold,5000,6000,6000,2025-07-25,"Minimum Price: ₹5000, Maximum Price: ₹6000, Modal Price: ₹6000"
2025-07-25,Chili Red,Mohanur(Uzhavar Sandhai ),Namakkal,Bold,12000,13000,13000,2025-07-25,"Minimum Price: ₹12000, Maximum Price: ₹13000, Modal Price: ₹13000"
2025-07-27,Chili Red,Anna nagar(Uzhavar Sandhai ),Madurai,Bold,20000,20000,20000,2025-07-27,"Minimum Price: ₹20000, Maximum Price: ₹20000, Modal Price: ₹20000"
2025-07-27,Chili Red,Udumalpet,Coimbatore,Bold,7500,8500,8500,2025-07-27,"Minimum Price: ₹7500, Maximum Price: ₹8500, Modal Price: ₹8500"
2025-07-27,Chili Red,Ambattur(Uzhavar Sandhai ),Thiruvallur,Bold,20000,20000,20000,2025-07-27,"Minimum Price: ₹20000, Maximum Price: ₹20000, Modal Price: ₹20000"
2025-07-27,Chili Red,Perambalur(Uzhavar Sandhai ),Perambalur,Bold,15000,17000,17000,2025-07-27,"Minimum Price: ₹15000, Maximum Price: ₹17000, Modal Price: ₹17000"
2025-07-27,Chili Red,Rasipuram(Uzhavar Sandhai ),Namakkal,Bold,14000,16000,16000,2025-07-27,"Minimum Price: ₹14000, Maximum Price: ₹16000, Modal Price: ₹16000"
2025-07-27,Chili Red,Namakkal(Uzhavar Sandhai ),Namakkal,Bold,16500,18000,18000,2025-07-27,"Minimum Price: ₹16500, Maximum Price: ₹18000, Modal Price: ₹18000"
2025-07-27,Chili Red,Mohanur(Uzhavar Sandhai ),Namakkal,Bold,12000,13000,13000,2025-07-27,"Minimum Price: ₹12000, Maximum Price: ₹13000, Modal Price: ₹13000"
2025-07-28,Chili Red,Anna nagar(Uzhavar Sandhai ),Madurai,Bold,22000,22000,22000,2025-07-28,"Minimum Price: ₹22000, Maximum Price: ₹22000, Modal Price: ₹22000"
2025-07-28,Chili Red,Perambalur(Uzhavar Sandhai ),Perambalur,Bold,15000,16000,16000,2025-07-28,"Minimum Price: ₹15000, Maximum Price: ₹16000, Modal Price: ₹16000"
2025-07-28,Chili Red,Gudiyatham(Uzhavar Sandhai ),Vellore,Bold,20000,20000,20000,2025-07-28,"Minimum Price: ₹20000, Maximum Price: ₹20000, Modal Price: ₹20000"
2025-07-28,Chili Red,Ambattur(Uzhavar Sandhai ),Thiruvallur,Bold,20000,20000,20000,2025-07-28,"Minimum Price: ₹20000, Maximum Price: ₹20000, Modal Price: ₹20000"
2025-07-28,Chili Red,Rasipuram(Uzhavar Sandhai ),Namakkal,Bold,14000,16000,16000,2025-07-28,"Minimum Price: ₹14000, Maximum Price: ₹16000, Modal Price: ₹16000"
2025-07-28,Chili Red,Namakkal(Uzhavar Sandhai ),Namakkal,Bold,14700,16000,16000,2025-07-28,"Minimum Price: ₹14700, Maximum Price: ₹16000, Modal Price: ₹16000"
2025-07-29,Chili Red,Anna nagar(Uzhavar Sandhai ),Madurai,Bold,20000,20000,20000,2025-07-29,"Minimum Price: ₹20000, Maximum Price: ₹20000, Modal Price: ₹20000"
2025-07-29,Chili Red,Perambalur(Uzhavar Sandhai ),Perambalur,Bold,15000,16000,16000,2025-07-29,"Minimum Price: ₹15000, Maximum Price: ₹16000, Modal Price: ₹16000"
2025-07-29,Chili Red,Namakkal(Uzhavar Sandhai ),Namakkal,Bold,15000,18000,18000,2025-07-29,"Minimum Price: ₹15000, Maximum Price: ₹18000, Modal Price: ₹18000"
2025-07-29,Chili Red,Ambattur(Uzhavar Sandhai ),Thiruvallur,Bold,20000,20000,20000,2025-07-29,"Minimum Price: ₹20000, Maximum Price: ₹20000, Modal Price: ₹20000"
2025-07-29,Chili Red,Tiruchengode,Namakkal,Bold,18000,20000,20000,2025-07-29,"Minimum Price: ₹18000, Maximum Price: ₹20000, Modal Price: ₹20000"
2025-07-29,Chili Red,Rasipuram(Uzhavar Sandhai ),Namakkal,Bold,14000,16000,16000,2025-07-29,"Minimum Price: ₹14000, Maximum Price: ₹16000, Modal Price: ₹16000"
2025-07-30,Chili Red,Ambattur(Uzhavar Sandhai ),Thiruvallur,Bold,20000,20000,20000,2025-07-30,"Minimum Price: ₹20000, Maximum Price: ₹20000, Modal Price: ₹20000"
2025-07-30,Chili Red,Mohanur(Uzhavar Sandhai ),Namakkal,Bold,11400,13000,13000,2025-07-30,"Minimum Price: ₹11400, Maximum Price: ₹13000, Modal Price: ₹13000"
2025-07-30,Chili Red,Perambalur(Uzhavar Sandhai ),Perambalur,Bold,15000,17000,17000,2025-07-30,"Minimum Price: ₹15000, Maximum Price: ₹17000, Modal Price: ₹17000"
2025-07-30,Chili Red,Namakkal(Uzhavar Sandhai ),Namakkal,Bold,15000,18000,18000,2025-07-30,"Minimum Price: ₹15000, Maximum Price: ₹18000, Modal Price: ₹18000"
2025-07-30,Chili Red,Anna nagar(Uzhavar Sandhai ),Madurai,Bold,20000,20000,20000,2025-07-30,"Minimum Price: ₹20000, Maximum Price: ₹20000, Modal Price: ₹20000"
2025-07-30,Chili Red,Rasipuram(Uzhavar Sandhai ),Namakkal,Bold,14000,16000,16000,2025-07-30,"Minimum Price: ₹14000, Maximum Price: ₹16000, Modal Price: ₹16000"
2025-07-31,Chili Red,Anna nagar(Uzhavar Sandhai ),Madurai,Bold,20000,20000,20000,2025-07-31,"Minimum Price: ₹20000, Maximum Price: ₹20000, Modal Price: ₹20000"
2025-07-31,Chili Red,Perambalur(Uzhavar Sandhai ),Perambalur,Bold,15000,17000,17000,2025-07-31,"Minimum Price: ₹15000, Maximum Price: ₹17000, Modal Price: ₹17000"
2025-07-31,Chili Red,Namakkal(Uzhavar Sandhai ),Namakkal,Bold,15000,18000,18000,2025-07-31,"Minimum Price: ₹15000, Maximum Price: ₹18000, Modal Price: ₹18000"
2025-07-31,Chili Red,Rasipuram(Uzhavar Sandhai ),Namakkal,Bold,14000,16000,16000,2025-07-31,"Minimum Price: ₹14000, Maximum Price: ₹16000, Modal Price: ₹16000"
2025-07-31,Chili Red,Mohanur(Uzhavar Sandhai ),Namakkal,Bold,12000,13000,13000,2025-07-31,"Minimum Price: ₹12000, Maximum Price: ₹13000, Modal Price: ₹13000"
2025-07-31,Chili Red,Ambattur(Uzhavar Sandhai ),Thiruvallur,Bold,20000,20000,20000,2025-07-31,"Minimum Price: ₹20000, Maximum Price: ₹20000, Modal Price: ₹20000"
2025-08-01,Chili Red,Gudiyatham(Uzhavar Sandhai ),Vellore,Bold,16000,16000,16000,2025-08-01,"Minimum Price: ₹16000, Maximum Price: ₹16000, Modal Price: ₹16000"
2025-08-01,Chili Red,Ambattur(Uzhavar Sandhai ),Thiruvallur,Bold,20000,20000,20000,2025-08-01,"Minimum Price: ₹20000, Maximum Price: ₹20000, Modal Price: ₹20000"
2025-08-01,Chili Red,Rasipuram(Uzhavar Sandhai ),Namakkal,Bold,14000,16000,16000,2025-08-01,"Minimum Price: ₹14000, Maximum Price: ₹16000, Modal Price: ₹16000"
2025-08-01,Chili Red,Anna nagar(Uzhavar Sandhai ),Madurai,Bold,20000,20000,20000,2025-08-01,"Minimum Price: ₹20000, Maximum Price: ₹20000, Modal Price: ₹20000"
2025-08-01,Chili Red,Udumalpet,Coimbatore,Bold,6000,7000,7000,2025-08-01,"Minimum Price: ₹6000, Maximum Price: ₹7000, Modal Price: ₹7000"
2025-08-01,Chili Red,Namakkal(Uzhavar Sandhai ),Namakkal,Bold,14800,16000,16000,2025-08-01,"Minimum Price: ₹14800, Maximum Price: ₹16000, Modal Price: ₹16000"
2025-08-01,Chili Red,Perambalur(Uzhavar Sandhai ),Perambalur,Bold,15000,17000,17000,2025-08-01,"Minimum Price: ₹15000, Maximum Price: ₹17000, Modal Price: ₹17000"
2025-08-02,Chili Red,Udumalpet,Coimbatore,Bold,6500,7000,7000,2025-08-02,"Minimum Price: ₹6500, Maximum Price: ₹7000, Modal Price: ₹7000"
2025-08-02,Chili Red,Anna nagar(Uzhavar Sandhai ),Madurai,Bold,20000,20000,20000,2025-08-02,"Minimum Price: ₹20000, Maximum Price: ₹20000, Modal Price: ₹20000"
2025-08-02,Chili Red,Perambalur(Uzhavar Sandhai ),Perambalur,Bold,15000,17000,17000,2025-08-02,"Minimum Price: ₹15000, Maximum Price: ₹17000, Modal Price: ₹17000"
2025-08-02,Chili Red,Namakkal(Uzhavar Sandhai ),Namakkal,Bold,14800,16000,16000,2025-08-02,"Minimum Price: ₹14800, Maximum Price: ₹16000, Modal Price: ₹16000"
2025-08-02,Chili Red,Rasipuram(Uzhavar Sandhai ),Namakkal,Bold,15000,16000,16000,2025-08-02,"Minimum Price: ₹15000, Maximum Price: ₹16000, Modal Price: ₹16000"
2025-08-02,Chili Red,Ambattur(Uzhavar Sandhai ),Thiruvallur,Bold,20000,20000,20000,2025-08-02,"Minimum Price: ₹20000, Maximum Price: ₹20000, Modal Price: ₹20000"
2025-08-02,Chili Red,Tiruppur (North) (Uzhavar Sandhai ),Coimbatore,Bold,15000,16000,16000,2025-08-02,"Minimum Price: ₹15000, Maximum Price: ₹16000, Modal Price: ₹16000"
2025-08-03,Chili Red,Rasipuram(Uzhavar Sandhai ),Namakkal,Bold,15000,16000,16000,2025-08-03,"Minimum Price: ₹15000, Maximum Price: ₹16000, Modal Price: ₹16000"
2025-08-03,Chili Red,Gudiyatham(Uzhavar Sandhai ),Vellore,Bold,18000,18000,18000,2025-08-03,"Minimum Price: ₹18000, Maximum Price: ₹18000, Modal Price: ₹18000"
2025-08-03,Chili Red,Ambattur(Uzhavar Sandhai ),Thiruvallur,Bold,20000,20000,20000,2025-08-03,"Minimum Price: ₹20000, Maximum Price: ₹20000, Modal Price: ₹20000"
2025-08-03,Chili Red,Namakkal(Uzhavar Sandhai ),Namakkal,Bold,14800,16000,16000,2025-08-03,"Minimum Price: ₹14800, Maximum Price: ₹16000, Modal Price: ₹16000"
2025-08-03,Chili Red,Anna nagar(Uzhavar Sandhai ),Madurai,Bold,20000,20000,20000,2025-08-03,"Minimum Price: ₹20000, Maximum Price: ₹20000, Modal Price: ₹20000"
2025-08-03,Chili Red,Perambalur(Uzhavar Sandhai ),Perambalur,Bold,15000,17000,17000,2025-08-03,"Minimum Price: ₹15000, Maximum Price: ₹17000, Modal Price: ₹17000"
2025-08-03,Chili Red,Udumalpet,Coimbatore,Bold,6500,7000,7000,2025-08-03,"Minimum Price: ₹6500, Maximum Price: ₹7000, Modal Price: ₹7000"
2025-08-04,Chili Red,Chidambaram(Uzhavar Sandhai ),Cuddalore,Bold,2500,2500,2500,2025-08-04,"Minimum Price: ₹2500, Maximum Price: ₹2500, Modal Price: ₹2500"
2025-08-04,Chili Red,Perambalur(Uzhavar Sandhai ),Perambalur,Bold,15000,16000,16000,2025-08-04,"Minimum Price: ₹15000, Maximum Price: ₹16000, Modal Price: ₹16000"
2025-08-04,Chili Red,Namakkal(Uzhavar Sandhai ),Namakkal,Bold,14800,16000,16000,2025-08-04,"Minimum Price: ₹14800, Maximum Price: ₹16000, Modal Price: ₹16000"
2025-08-04,Chili Red,Rasipuram(Uzhavar Sandhai ),Namakkal,Bold,14000,16000,16000,2025-08-04,"Minimum Price: ₹14000, Maximum Price: ₹16000, Modal Price: ₹16000"
2025-08-04,Chili Red,Ambattur(Uzhavar Sandhai ),Thiruvallur,Bold,20000,20000,20000,2025-08-04,"Minimum Price: ₹20000, Maximum Price: ₹20000, Modal Price: ₹20000"
2025-08-04,Chili Red,Gudiyatham(Uzhavar Sandhai ),Vellore,Bold,18000,18000,18000,2025-08-04,"Minimum Price: ₹18000, Maximum Price: ₹18000, Modal Price: ₹18000"
2025-08-04,Chili Red,Anna nagar(Uzhavar Sandhai ),Madurai,Bold,20000,20000,20000,2025-08-04,"Minimum Price: ₹20000, Maximum Price: ₹20000, Modal Price: ₹20000"
2025-08-05,Chili Red,Anna nagar(Uzhavar Sandhai ),Madurai,Bold,20000,20000,20000,2025-08-05,"Minimum Price: ₹20000, Maximum Price: ₹20000, Modal Price: ₹20000"
2025-08-05,Chili Red,Rasipuram(Uzhavar Sandhai ),Namakkal,Bold,14000,16000,16000,2025-08-05,"Minimum Price: ₹14000, Maximum Price: ₹16000, Modal Price: ₹16000"
2025-08-05,Chili Red,Ambattur(Uzhavar Sandhai ),Thiruvallur,Bold,20000,20000,20000,2025-08-05,"Minimum Price: ₹20000, Maximum Price: ₹20000, Modal Price: ₹20000"
2025-08-05,Chili Red,Perambalur(Uzhavar Sandhai ),Perambalur,Bold,15000,16000,16000,2025-08-05,"Minimum Price: ₹15000, Maximum Price: ₹16000, Modal Price: ₹16000"
2025-08-05,Chili Red,Namakkal(Uzhavar Sandhai ),Namakkal,Bold,14000,16000,16000,2025-08-05,"Minimum Price: ₹14000, Maximum Price: ₹16000, Modal Price: ₹16000"
2025-08-06,Chili Red,Anna nagar(Uzhavar Sandhai ),Madurai,Bold,20000,20000,20000,2025-08-06,"Minimum Price: ₹20000, Maximum Price: ₹20000, Modal Price: ₹20000"
2025-08-06,Chili Red,Ambattur(Uzhavar Sandhai ),Thiruvallur,Bold,20000,20000,20000,2025-08-06,"Minimum Price: ₹20000, Maximum Price: ₹20000, Modal Price: ₹20000"
2025-08-06,Chili Red,Namakkal(Uzhavar Sandhai ),Namakkal,Bold,14000,16000,16000,2025-08-06,"Minimum Price: ₹14000, Maximum Price: ₹16000, Modal Price: ₹16000"
2025-08-06,Chili Red,Rasipuram(Uzhavar Sandhai ),Namakkal,Bold,14000,16000,16000,2025-08-06,"Minimum Price: ₹14000, Maximum Price: ₹16000, Modal Price: ₹16000"
2025-08-06,Chili Red,Mohanur(Uzhavar Sandhai ),Namakkal,Bold,11000,12000,12000,2025-08-06,"Minimum Price: ₹11000, Maximum Price: ₹12000, Modal Price: ₹12000"
2025-08-06,Chili Red,Perambalur(Uzhavar Sandhai ),Perambalur,Bold,15000,17000,17000,2025-08-06,"Minimum Price: ₹15000, Maximum Price: ₹17000, Modal Price: ₹17000"
2025-08-07,Chili Red,Anna nagar(Uzhavar Sandhai ),Madurai,Bold,20000,20000,20000,2025-08-07,"Minimum Price: ₹20000, Maximum Price: ₹20000, Modal Price: ₹20000"
2025-08-07,Chili Red,Perambalur(Uzhavar Sandhai ),Perambalur,Bold,16000,16000,16000,2025-08-07,"Minimum Price: ₹16000, Maximum Price: ₹16000, Modal Price: ₹16000"
2025-08-07,Chili Red,Namakkal(Uzhavar Sandhai ),Namakkal,Bold,14000,16000,16000,2025-08-07,"Minimum Price: ₹14000, Maximum Price: ₹16000, Modal Price: ₹16000"
2025-08-07,Chili Red,Rasipuram(Uzhavar Sandhai ),Namakkal,Bold,14000,16000,16000,2025-08-07,"Minimum Price: ₹14000, Maximum Price: ₹16000, Modal Price: ₹16000"
2025-08-07,Chili Red,Tiruppur (North) (Uzhavar Sandhai ),Coimbatore,Bold,15000,16000,16000,2025-08-07,"Minimum Price: ₹15000, Maximum Price: ₹16000, Modal Price: ₹16000"
2025-08-07,Chili Red,Ambattur(Uzhavar Sandhai ),Thiruvallur,Bold,20000,20000,20000,2025-08-07,"Minimum Price: ₹20000, Maximum Price: ₹20000, Modal Price: ₹20000"
2025-08-10,Chili Red,Gudiyatham(Uzhavar Sandhai ),Vellore,Bold,18000,18000,18000,2025-08-10,"Minimum Price: ₹18000, Maximum Price: ₹18000, Modal Price: ₹18000"
2025-08-10,Chili Red,Perambalur(Uzhavar Sandhai ),Perambalur,Bold,15000,16000,16000,2025-08-10,"Minimum Price: ₹15000, Maximum Price: ₹16000, Modal Price: ₹16000"
2025-08-10,Chili Red,Ambattur(Uzhavar Sandhai ),Thiruvallur,Bold,20000,20000,20000,2025-08-10,"Minimum Price: ₹20000, Maximum Price: ₹20000, Modal Price: ₹20000"
2025-08-10,Chili Red,Namakkal(Uzhavar Sandhai ),Namakkal,Bold,15000,16000,16000,2025-08-10,"Minimum Price: ₹15000, Maximum Price: ₹16000, Modal Price: ₹16000"
2025-08-10,Chili Red,Rasipuram(Uzhavar Sandhai ),Namakkal,Bold,15000,16000,16000,2025-08-10,"Minimum Price: ₹15000, Maximum Price: ₹16000, Modal Price: ₹16000"
2025-08-10,Chili Red,Anna nagar(Uzhavar Sandhai ),Madurai,Bold,20000,20000,20000,2025-08-10,"Minimum Price: ₹20000, Maximum Price: ₹20000, Modal Price: ₹20000"
2025-08-11,Chili Red,Anna nagar(Uzhavar Sandhai ),Madurai,Bold,20000,20000,20000,2025-08-11,"Minimum Price: ₹20000, Maximum Price: ₹20000, Modal Price: ₹20000"
2025-08-11,Chili Red,Ambattur(Uzhavar Sandhai ),Thiruvallur,Bold,20000,20000,20000,2025-08-11,"Minimum Price: ₹20000, Maximum Price: ₹20000, Modal Price: ₹20000"
2025-08-11,Chili Red,Gudiyatham(Uzhavar Sandhai ),Vellore,Bold,18000,18000,18000,2025-08-11,"Minimum Price: ₹18000, Maximum Price: ₹18000, Modal Price: ₹18000"
2025-08-11,Chili Red,Namakkal(Uzhavar Sandhai ),Namakkal,Bold,14800,16000,16000,2025-08-11,"Minimum Price: ₹14800, Maximum Price: ₹16000, Modal Price: ₹16000"
2025-08-11,Chili Red,Perambalur(Uzhavar Sandhai ),Perambalur,Bold,15000,16000,16000,2025-08-11,"Minimum Price: ₹15000, Maximum Price: ₹16000, Modal Price: ₹16000"
2025-08-11,Chili Red,Rasipuram(Uzhavar Sandhai ),Namakkal,Bold,14000,16000,16000,2025-08-11,"Minimum Price: ₹14000, Maximum Price: ₹16000, Modal Price: ₹16000"
2025-08-12,Chili Red,Anna nagar(Uzhavar Sandhai ),Madurai,Bold,20000,20000,20000,2025-08-12,"Minimum Price: ₹20000, Maximum Price: ₹20000, Modal Price: ₹20000"
2025-08-12,Chili Red,Namakkal(Uzhavar Sandhai ),Namakkal,Bold,14000,16000,16000,2025-08-12,"Minimum Price: ₹14000, Maximum Price: ₹16000, Modal Price: ₹16000"
2025-08-12,Chili Red,Ambattur(Uzhavar Sandhai ),Thiruvallur,Bold,20000,20000,20000,2025-08-12,"Minimum Price: ₹20000, Maximum Price: ₹20000, Modal Price: ₹20000"
2025-08-12,Chili Red,Rasipuram(Uzhavar Sandhai ),Namakkal,Bold,14000,16000,16000,2025-08-12,"Minimum Price: ₹14000, Maximum Price: ₹16000, Modal Price: ₹16000"
2025-08-13,Chili Red,Ambattur(Uzhavar Sandhai ),Thiruvallur,Bold,20000,20000,20000,2025-08-13,"Minimum Price: ₹20000, Maximum Price: ₹20000, Modal Price: ₹20000"
2025-08-13,Chili Red,Perambalur(Uzhavar Sandhai ),Perambalur,Bold,15000,17000,17000,2025-08-13,"Minimum Price: ₹15000, Maximum Price: ₹17000, Modal Price: ₹17000"
2025-08-13,Chili Red,Namakkal(Uzhavar Sandhai ),Namakkal,Bold,15000,16000,16000,2025-08-13,"Minimum Price: ₹15000, Maximum Price: ₹16000, Modal Price: ₹16000"
2025-08-13,Chili Red,Anna nagar(Uzhavar Sandhai ),Madurai,Bold,20000,20000,20000,2025-08-13,"Minimum Price: ₹20000, Maximum Price: ₹20000, Modal Price: ₹20000"
2025-08-13,Chili Red,Rasipuram(Uzhavar Sandhai ),Namakkal,Bold,14000,16000,16000,2025-08-13,"Minimum Price: ₹14000, Maximum Price: ₹16000, Modal Price: ₹16000"
2025-08-15,Chili Red,Namakkal(Uzhavar Sandhai ),Namakkal,Bold,16000,18000,18000,2025-08-15,"Minimum Price: ₹16000, Maximum Price: ₹18000, Modal Price: ₹18000"
2025-08-15,Chili Red,Ambattur(Uzhavar Sandhai ),Thiruvallur,Bold,20000,20000,20000,2025-08-15,"Minimum Price: ₹20000, Maximum Price: ₹20000, Modal Price: ₹20000"
2025-08-15,Chili Red,Tiruppur (North) (Uzhavar Sandhai ),Coimbatore,Bold,15000,16000,16000,2025-08-15,"Minimum Price: ₹15000, Maximum Price: ₹16000, Modal Price: ₹16000"
2025-08-15,Chili Red,Perambalur(Uzhavar Sandhai ),Perambalur,Bold,15000,16000,16000,2025-08-15,"Minimum Price: ₹15000, Maximum Price: ₹16000, Modal Price: ₹16000"
2025-08-15,Chili Red,Anna nagar(Uzhavar Sandhai ),Madurai,Bold,20000,20000,20000,2025-08-15,"Minimum Price: ₹20000, Maximum Price: ₹20000, Modal Price: ₹20000"
2025-08-15,Chili Red,Rasipuram(Uzhavar Sandhai ),Namakkal,Bold,14000,16000,16000,2025-08-15,"Minimum Price: ₹14000, Maximum Price: ₹16000, Modal Price: ₹16000"
2025-08-16,Chili Red,Anna nagar(Uzhavar Sandhai ),Madurai,Bold,20000,20000,20000,2025-08-16,"Minimum Price: ₹20000, Maximum Price: ₹20000, Modal Price: ₹20000"
2025-08-16,Chili Red,Perambalur(Uzhavar Sandhai ),Perambalur,Bold,15000,16000,16000,2025-08-16,"Minimum Price: ₹15000, Maximum Price: ₹16000, Modal Price: ₹16000"
2025-08-16,Chili Red,Namakkal(Uzhavar Sandhai ),Namakkal,Bold,14000,16000,16000,2025-08-16,"Minimum Price: ₹14000, Maximum Price: ₹16000, Modal Price: ₹16000"
2025-08-16,Chili Red,Rasipuram(Uzhavar Sandhai ),Namakkal,Bold,15000,16000,16000,2025-08-16,"Minimum Price: ₹15000, Maximum Price: ₹16000, Modal Price: ₹16000"
2025-08-16,Chili Red,Ambattur(Uzhavar Sandhai ),Thiruvallur,Bold,20000,20000,20000,2025-08-16,"Minimum Price: ₹20000, Maximum Price: ₹20000, Modal Price: ₹20000"
2025-08-17,Chili Red,Tiruppur (North) (Uzhavar Sandhai ),Coimbatore,Bold,15000,16000,16000,2025-08-17,"Minimum Price: ₹15000, Maximum Price: ₹16000, Modal Price: ₹16000"
2025-08-17,Chili Red,Anna nagar(Uzhavar Sandhai ),Madurai,Bold,20000,20000,20000,2025-08-17,"Minimum Price: ₹20000, Maximum Price: ₹20000, Modal Price: ₹20000"
2025-08-17,Chili Red,Rasipuram(Uzhavar Sandhai ),Namakkal,Bold,15000,16000,16000,2025-08-17,"Minimum Price: ₹15000, Maximum Price: ₹16000, Modal Price: ₹16000"
2025-08-17,Chili Red,Namakkal(Uzhavar Sandhai ),Namakkal,Bold,15000,16000,16000,2025-08-17,"Minimum Price: ₹15000, Maximum Price: ₹16000, Modal Price: ₹16000"
2025-08-17,Chili Red,Perambalur(Uzhavar Sandhai ),Perambalur,Bold,15000,16000,16000,2025-08-17,"Minimum Price: ₹15000, Maximum Price: ₹16000, Modal Price: ₹16000"
2025-08-17,Chili Red,Ambattur(Uzhavar Sandhai ),Thiruvallur,Bold,20000,20000,20000,2025-08-17,"Minimum Price: ₹20000, Maximum Price: ₹20000, Modal Price: ₹20000"
2025-08-18,Chili Red,Anna nagar(Uzhavar Sandhai ),Madurai,Bold,20000,20000,20000,2025-08-18,"Minimum Price: ₹20000, Maximum Price: ₹20000, Modal Price: ₹20000"
2025-08-18,Chili Red,Namakkal(Uzhavar Sandhai ),Namakkal,Bold,14800,16000,16000,2025-08-18,"Minimum Price: ₹14800, Maximum Price: ₹16000, Modal Price: ₹16000"
2025-08-18,Chili Red,Rasipuram(Uzhavar Sandhai ),Namakkal,Bold,14000,16000,16000,2025-08-18,"Minimum Price: ₹14000, Maximum Price: ₹16000, Modal Price: ₹16000"
2025-08-18,Chili Red,Ambattur(Uzhavar Sandhai ),Thiruvallur,Bold,20000,20000,20000,2025-08-18,"Minimum Price: ₹20000, Maximum Price: ₹20000, Modal Price: ₹20000"
2025-08-18,Chili Red,Tiruppur (North) (Uzhavar Sandhai ),Coimbatore,Bold,15000,16000,16000,2025-08-18,"Minimum Price: ₹15000, Maximum Price: ₹16000, Modal Price: ₹16000"
2025-08-18,Chili Red,Perambalur(Uzhavar Sandhai ),Perambalur,Bold,15000,16000,16000,2025-08-18,"Minimum Price: ₹15000, Maximum Price: ₹16000, Modal Price: ₹16000"
2025-08-19,Chili Red,Anna nagar(Uzhavar Sandhai ),Madurai,Bold,20000,20000,20000,2025-08-19,"Minimum Price: ₹20000, Maximum Price: ₹20000, Modal Price: ₹20000"
2025-08-19,Chili Red,Tiruppur (North) (Uzhavar Sandhai ),Coimbatore,Bold,14000,15000,15000,2025-08-19,"Minimum Price: ₹14000, Maximum Price: ₹15000, Modal Price: ₹15000"
2025-08-19,Chili Red,Perambalur(Uzhavar Sandhai ),Perambalur,Bold,15000,16000,16000,2025-08-19,"Minimum Price: ₹15000, Maximum Price: ₹16000, Modal Price: ₹16000"
2025-08-19,Chili Red,Ambattur(Uzhavar Sandhai ),Thiruvallur,Bold,20000,20000,20000,2025-08-19,"Minimum Price: ₹20000, Maximum Price: ₹20000, Modal Price: ₹20000"
2025-08-19,Chili Red,Rasipuram(Uzhavar Sandhai ),Namakkal,Bold,15000,16000,16000,2025-08-19,"Minimum Price: ₹15000, Maximum Price: ₹16000, Modal Price: ₹16000"
2025-08-19,Chili Red,Namakkal(Uzhavar Sandhai ),Namakkal,Bold,14800,16000,16000,2025-08-19,"Minimum Price: ₹14800, Maximum Price: ₹16000, Modal Price: ₹16000"
2025-08-19,Chili Red,Gudiyatham(Uzhavar Sandhai ),Vellore,Bold,15000,15000,15000,2025-08-19,"Minimum Price: ₹15000, Maximum Price: ₹15000, Modal Price: ₹15000"
2025-08-20,Chili Red,Anna nagar(Uzhavar Sandhai ),Madurai,Bold,20000,20000,20000,2025-08-20,"Minimum Price: ₹20000, Maximum Price: ₹20000, Modal Price: ₹20000"
2025-08-20,Chili Red,Perambalur(Uzhavar Sandhai ),Perambalur,Bold,15000,16000,16000,2025-08-20,"Minimum Price: ₹15000, Maximum Price: ₹16000, Modal Price: ₹16000"
2025-08-20,Chili Red,Gudiyatham(Uzhavar Sandhai ),Vellore,Bold,16000,16000,16000,2025-08-20,"Minimum Price: ₹16000, Maximum Price: ₹16000, Modal Price: ₹16000"
2025-08-20,Chili Red,Ambattur(Uzhavar Sandhai ),Thiruvallur,Bold,20000,20000,20000,2025-08-20,"Minimum Price: ₹20000, Maximum Price: ₹20000, Modal Price: ₹20000"
2025-08-20,Chili Red,Rasipuram(Uzhavar Sandhai ),Namakkal,Bold,14000,16000,16000,2025-08-20,"Minimum Price: ₹14000, Maximum Price: ₹16000, Modal Price: ₹16000"
2025-08-20,Chili Red,Namakkal(Uzhavar Sandhai ),Namakkal,Bold,14000,16000,16000,2025-08-20,"Minimum Price: ₹14000, Maximum Price: ₹16000, Modal Price: ₹16000"
2025-08-21,Chili Red,Tiruppur (North) (Uzhavar Sandhai ),Coimbatore,Bold,15000,16000,16000,2025-08-21,"Minimum Price: ₹15000, Maximum Price: ₹16000, Modal Price: ₹16000"
2025-08-21,Chili Red,Ambattur(Uzhavar Sandhai ),Thiruvallur,Bold,20000,20000,20000,2025-08-21,"Minimum Price: ₹20000, Maximum Price: ₹20000, Modal Price: ₹20000"
2025-08-21,Chili Red,Namakkal(Uzhavar Sandhai ),Namakkal,Bold,14000,16000,16000,2025-08-21,"Minimum Price: ₹14000, Maximum Price: ₹16000, Modal Price: ₹16000"
2025-08-21,Chili Red,Perambalur(Uzhavar Sandhai ),Perambalur,Bold,15000,16000,16000,2025-08-21,"Minimum Price: ₹15000, Maximum Price: ₹16000, Modal Price: ₹16000"
2025-08-21,Chili Red,Anna nagar(Uzhavar Sandhai ),Madurai,Bold,20000,20000,20000,2025-08-21,"Minimum Price: ₹20000, Maximum Price: ₹20000, Modal Price: ₹20000"
2025-08-21,Chili Red,Rasipuram(Uzhavar Sandhai ),Namakkal,Bold,14000,16000,16000,2025-08-21,"Minimum Price: ₹14000, Maximum Price: ₹16000, Modal Price: ₹16000"
2025-08-22,Chili Red,Tiruppur (North) (Uzhavar Sandhai ),Coimbatore,Bold,15000,16000,16000,2025-08-22,"Minimum Price: ₹15000, Maximum Price: ₹16000, Modal Price: ₹16000"
2025-08-22,Chili Red,Ambattur(Uzhavar Sandhai ),Thiruvallur,Bold,20000,20000,20000,2025-08-22,"Minimum Price: ₹20000, Maximum Price: ₹20000, Modal Price: ₹20000"
2025-08-22,Chili Red,Anna nagar(Uzhavar Sandhai ),Madurai,Bold,20000,20000,20000,2025-08-22,"Minimum Price: ₹20000, Maximum Price: ₹20000, Modal Price: ₹20000"
2025-08-22,Chili Red,Namakkal(Uzhavar Sandhai ),Namakkal,Bold,14000,16000,16000,2025-08-22,"Minimum Price: ₹14000, Maximum Price: ₹16000, Modal Price: ₹16000"
2025-08-22,Chili Red,Rasipuram(Uzhavar Sandhai ),Namakkal,Bold,14000,16000,16000,2025-08-22,"Minimum Price: ₹14000, Maximum Price: ₹16000, Modal Price: ₹16000"
2025-08-22,Chili Red,Perambalur(Uzhavar Sandhai ),Perambalur,Bold,15000,16000,16000,2025-08-22,"Minimum Price: ₹15000, Maximum Price: ₹16000, Modal Price: ₹16000"
2025-08-23,Chili Red,Ambattur(Uzhavar Sandhai ),Thiruvallur,Bold,20000,20000,20000,2025-08-23,"Minimum Price: ₹20000, Maximum Price: ₹20000, Modal Price: ₹20000"
2025-08-23,Chili Red,Rasipuram(Uzhavar Sandhai ),Namakkal,Bold,15000,16000,16000,2025-08-23,"Minimum Price: ₹15000, Maximum Price: ₹16000, Modal Price: ₹16000"
2025-08-23,Chili Red,Anna nagar(Uzhavar Sandhai ),Madurai,Bold,20000,20000,20000,2025-08-23,"Minimum Price: ₹20000, Maximum Price: ₹20000, Modal Price: ₹20000"
2025-08-23,Chili Red,Perambalur(Uzhavar Sandhai ),Perambalur,Bold,15000,16000,16000,2025-08-23,"Minimum Price: ₹15000, Maximum Price: ₹16000, Modal Price: ₹16000"
2025-08-23,Chili Red,Namakkal(Uzhavar Sandhai ),Namakkal,Bold,14000,16000,16000,2025-08-23,"Minimum Price: ₹14000, Maximum Price: ₹16000, Modal Price: ₹16000"
2025-08-24,Chili Red,Anna nagar(Uzhavar Sandhai ),Madurai,Bold,20000,20000,20000,2025-08-24,"Minimum Price: ₹20000, Maximum Price: ₹20000, Modal Price: ₹20000"
2025-08-24,Chili Red,Perambalur(Uzhavar Sandhai ),Perambalur,Bold,15000,17000,17000,2025-08-24,"Minimum Price: ₹15000, Maximum Price: ₹17000, Modal Price: ₹17000"
2025-08-24,Chili Red,Rasipuram(Uzhavar Sandhai ),Namakkal,Bold,14000,16000,16000,2025-08-24,"Minimum Price: ₹14000, Maximum Price: ₹16000, Modal Price: ₹16000"
2025-08-24,Chili Red,Ambattur(Uzhavar Sandhai ),Thiruvallur,Bold,20000,20000,20000,2025-08-24,"Minimum Price: ₹20000, Maximum Price: ₹20000, Modal Price: ₹20000"
2025-08-24,Chili Red,Gudiyatham(Uzhavar Sandhai ),Vellore,Bold,18000,18000,18000,2025-08-24,"Minimum Price: ₹18000, Maximum Price: ₹18000, Modal Price: ₹18000"
2025-08-25,Chili Red,Anna nagar(Uzhavar Sandhai ),Madurai,Bold,20000,20000,20000,2025-08-25,"Minimum Price: ₹20000, Maximum Price: ₹20000, Modal Price: ₹20000"
2025-08-25,Chili Red,Perambalur(Uzhavar Sandhai ),Perambalur,Bold,15000,17000,17000,2025-08-25,"Minimum Price: ₹15000, Maximum Price: ₹17000, Modal Price: ₹17000"
2025-08-25,Chili Red,Rasipuram(Uzhavar Sandhai ),Namakkal,Bold,14000,16000,16000,2025-08-25,"Minimum Price: ₹14000, Maximum Price: ₹16000, Modal Price: ₹16000"
2025-08-25,Chili Red,Ambattur(Uzhavar Sandhai ),Thiruvallur,Bold,20000,20000,20000,2025-08-25,"Minimum Price: ₹20000, Maximum Price: ₹20000, Modal Price: ₹20000"
2025-08-25,Chili Red,Gudiyatham(Uzhavar Sandhai ),Vellore,Bold,18000,18000,18000,2025-08-25,"Minimum Price: ₹18000, Maximum Price: ₹18000, Modal Price: ₹18000"
2025-08-26,Chili Red,Gudiyatham(Uzhavar Sandhai ),Vellore,Bold,18000,18000,18000,2025-08-26,"Minimum Price: ₹18000, Maximum Price: ₹18000, Modal Price: ₹18000"
2025-08-26,Chili Red,Ambattur(Uzhavar Sandhai ),Thiruvallur,Bold,20000,20000,20000,2025-08-26,"Minimum Price: ₹20000, Maximum Price: ₹20000, Modal Price: ₹20000"
2025-08-26,Chili Red,Anna nagar(Uzhavar Sandhai ),Madurai,Bold,20000,20000,20000,2025-08-26,"Minimum Price: ₹20000, Maximum Price: ₹20000, Modal Price: ₹20000"
2025-08-26,Chili Red,Perambalur(Uzhavar Sandhai ),Perambalur,Bold,15000,16000,16000,2025-08-26,"Minimum Price: ₹15000, Maximum Price: ₹16000, Modal Price: ₹16000"
2025-08-26,Chili Red,Rasipuram(Uzhavar Sandhai ),Namakkal,Bold,14000,16000,16000,2025-08-26,"Minimum Price: ₹14000, Maximum Price: ₹16000, Modal Price: ₹16000"
2025-08-27,Chili Red,Anna nagar(Uzhavar Sandhai ),Madurai,Bold,20000,20000,20000,2025-08-27,"Minimum Price: ₹20000, Maximum Price: ₹20000, Modal Price: ₹20000"
2025-08-27,Chili Red,Perambalur(Uzhavar Sandhai ),Perambalur,Bold,15000,17000,17000,2025-08-27,"Minimum Price: ₹15000, Maximum Price: ₹17000, Modal Price: ₹17000"
2025-08-27,Chili Red,Rasipuram(Uzhavar Sandhai ),Namakkal,Bold,14000,16000,16000,2025-08-27,"Minimum Price: ₹14000, Maximum Price: ₹16000, Modal Price: ₹16000"
2025-08-27,Chili Red,Ambattur(Uzhavar Sandhai ),Thiruvallur,Bold,20000,20000,20000,2025-08-27,"Minimum Price: ₹20000, Maximum Price: ₹20000, Modal Price: ₹20000"
2025-08-27,Chili Red,Gudiyatham(Uzhavar Sandhai ),Vellore,Bold,18000,18000,18000,2025-08-27,"Minimum Price: ₹18000, Maximum Price: ₹18000, Modal Price: ₹18000"
2025-08-28,Chili Red,Rasipuram(Uzhavar Sandhai ),Namakkal,Bold,14000,16000,16000,2025-08-28,"Minimum Price: ₹14000, Maximum Price: ₹16000, Modal Price: ₹16000"
2025-08-28,Chili Red,Ambattur(Uzhavar Sandhai ),Thiruvallur,Bold,20000,20000,20000,2025-08-28,"Minimum Price: ₹20000, Maximum Price: ₹20000, Modal Price: ₹20000"
2025-08-28,Chili Red,Perambalur(Uzhavar Sandhai ),Perambalur,Bold,15000,16000,16000,2025-08-28,"Minimum Price: ₹15000, Maximum Price: ₹16000, Modal Price: ₹16000"
2025-08-28,Chili Red,Namakkal(Uzhavar Sandhai ),Namakkal,Bold,14000,16000,16000,2025-08-28,"Minimum Price: ₹14000, Maximum Price: ₹16000, Modal Price: ₹16000"
2025-08-28,Chili Red,Anna nagar(Uzhavar Sandhai ),Madurai,Bold,20000,20000,20000,2025-08-28,"Minimum Price: ₹20000, Maximum Price: ₹20000, Modal Price: ₹20000"
2025-08-30,Chili Red,Ambattur(Uzhavar Sandhai ),Thiruvallur,Bold,20000,20000,20000,2025-08-30,"Minimum Price: ₹20000, Maximum Price: ₹20000, Modal Price: ₹20000"
2025-08-30,Chili Red,Perambalur(Uzhavar Sandhai ),Perambalur,Bold,15000,17000,17000,2025-08-30,"Minimum Price: ₹15000, Maximum Price: ₹17000, Modal Price: ₹17000"
2025-08-30,Chili Red,Anna nagar(Uzhavar Sandhai ),Madurai,Bold,20000,20000,20000,2025-08-30,"Minimum Price: ₹20000, Maximum Price: ₹20000, Modal Price: ₹20000"
2025-08-30,Chili Red,Rasipuram(Uzhavar Sandhai ),Namakkal,Bold,14000,16000,16000,2025-08-30,"Minimum Price: ₹14000, Maximum Price: ₹16000, Modal Price: ₹16000"
2025-08-31,Chili Red,Anna nagar(Uzhavar Sandhai ),Madurai,Bold,20000,20000,20000,2025-08-31,"Minimum Price: ₹20000, Maximum Price: ₹20000, Modal Price: ₹20000"
2025-08-31,Chili Red,Perambalur(Uzhavar Sandhai ),Perambalur,Bold,15000,17000,17000,2025-08-31,"Minimum Price: ₹15000, Maximum Price: ₹17000, Modal Price: ₹17000"
2025-08-31,Chili Red,Rasipuram(Uzhavar Sandhai ),Namakkal,Bold,14000,16000,16000,2025-08-31,"Minimum Price: ₹14000, Maximum Price: ₹16000, Modal Price: ₹16000"
2025-08-31,Chili Red,Ambattur(Uzhavar Sandhai ),Thiruvallur,Bold,20000,20000,20000,2025-08-31,"Minimum Price: ₹20000, Maximum Price: ₹20000, Modal Price: ₹20000"
2025-09-01,Chili Red,Anna nagar(Uzhavar Sandhai ),Madurai,Bold,20000,20000,20000,2025-09-01,"Minimum Price: ₹20000, Maximum Price: ₹20000, Modal Price: ₹20000"
2025-09-01,Chili Red,Perambalur(Uzhavar Sandhai ),Perambalur,Bold,15000,17000,17000,2025-09-01,"Minimum Price: ₹15000, Maximum Price: ₹17000, Modal Price: ₹17000"
2025-09-01,Chili Red,Rasipuram(Uzhavar Sandhai ),Namakkal,Bold,14000,16000,16000,2025-09-01,"Minimum Price: ₹14000, Maximum Price: ₹16000, Modal Price: ₹16000"
2025-09-01,Chili Red,Ambattur(Uzhavar Sandhai ),Thiruvallur,Bold,20000,20000,20000,2025-09-01,"Minimum Price: ₹20000, Maximum Price: ₹20000, Modal Price: ₹20000"
2025-09-02,Chili Red,Ambattur(Uzhavar Sandhai ),Thiruvallur,Bold,20000,20000,20000,2025-09-02,"Minimum Price: ₹20000, Maximum Price: ₹20000, Modal Price: ₹20000"
2025-09-02,Chili Red,Perambalur(Uzhavar Sandhai ),Perambalur,Bold,15000,16000,16000,2025-09-02,"Minimum Price: ₹15000, Maximum Price: ₹16000, Modal Price: ₹16000"
2025-09-02,Chili Red,Anna nagar(Uzhavar Sandhai ),Madurai,Bold,20000,20000,20000,2025-09-02,"Minimum Price: ₹20000, Maximum Price: ₹20000, Modal Price: ₹20000"
2025-09-02,Chili Red,Rasipuram(Uzhavar Sandhai ),Namakkal,Bold,14000,16000,16000,2025-09-02,"Minimum Price: ₹14000, Maximum Price: ₹16000, Modal Price: ₹16000"
2025-09-03,Chili Red,Perambalur(Uzhavar Sandhai ),Perambalur,Bold,15000,16000,16000,2025-09-03,"Minimum Price: ₹15000, Maximum Price: ₹16000, Modal Price: ₹16000"
2025-09-03,Chili Red,Rasipuram(Uzhavar Sandhai ),Namakkal,Bold,14000,16000,16000,2025-09-03,"Minimum Price: ₹14000, Maximum Price: ₹16000, Modal Price: ₹16000"
2025-09-03,Chili Red,Ambattur(Uzhavar Sandhai ),Thiruvallur,Bold,20000,20000,20000,2025-09-03,"Minimum Price: ₹20000, Maximum Price: ₹20000, Modal Price: ₹20000"
2025-09-03,Chili Red,Anna nagar(Uzhavar Sandhai ),Madurai,Bold,20000,20000,20000,2025-09-03,"Minimum Price: ₹20000, Maximum Price: ₹20000, Modal Price: ₹20000"
2025-09-04,Chili Red,Anna nagar(Uzhavar Sandhai ),Madurai,Bold,20000,20000,20000,2025-09-04,"Minimum Price: ₹20000, Maximum Price: ₹20000, Modal Price: ₹20000"
2025-09-04,Chili Red,Perambalur(Uzhavar Sandhai ),Perambalur,Bold,15000,16000,16000,2025-09-04,"Minimum Price: ₹15000, Maximum Price: ₹16000, Modal Price: ₹16000"
2025-09-04,Chili Red,Rasipuram(Uzhavar Sandhai ),Namakkal,Bold,15000,16000,16000,2025-09-04,"Minimum Price: ₹15000, Maximum Price: ₹16000, Modal Price: ₹16000"
2025-09-04,Chili Red,Ambattur(Uzhavar Sandhai ),Thiruvallur,Bold,20000,20000,20000,2025-09-04,"Minimum Price: ₹20000, Maximum Price: ₹20000, Modal Price: ₹20000"
2025-09-05,Chili Red,Anna nagar(Uzhavar Sandhai ),Madurai,Bold,20000,20000,20000,2025-09-05,"Minimum Price: ₹20000, Maximum Price: ₹20000, Modal Price: ₹20000"
2025-09-05,Chili Red,Rasipuram(Uzhavar Sandhai ),Namakkal,Bold,14000,16000,16000,2025-09-05,"Minimum Price: ₹14000, Maximum Price: ₹16000, Modal Price: ₹16000"
2025-09-05,Chili Red,Ambattur(Uzhavar Sandhai ),Thiruvallur,Bold,20000,20000,20000,2025-09-05,"Minimum Price: ₹20000, Maximum Price: ₹20000, Modal Price: ₹20000"
2025-09-05,Chili Red,Perambalur(Uzhavar Sandhai ),Perambalur,Bold,15000,17000,17000,2025-09-05,"Minimum Price: ₹15000, Maximum Price: ₹17000, Modal Price: ₹17000"
2025-09-06,Chili Red,Ambattur(Uzhavar Sandhai ),Thiruvallur,Bold,20000,20000,20000,2025-09-06,"Minimum Price: ₹20000, Maximum Price: ₹20000, Modal Price: ₹20000"
2025-09-06,Chili Red,Perambalur(Uzhavar Sandhai ),Perambalur,Bold,15000,16000,16000,2025-09-06,"Minimum Price: ₹15000, Maximum Price: ₹16000, Modal Price: ₹16000"
2025-09-06,Chili Red,Anna nagar(Uzhavar Sandhai ),Madurai,Bold,20000,20000,20000,2025-09-06,"Minimum Price: ₹20000, Maximum Price: ₹20000, Modal Price: ₹20000"
2025-09-06,Chili Red,Rasipuram(Uzhavar Sandhai ),Namakkal,Bold,14000,16000,16000,2025-09-06,"Minimum Price: ₹14000, Maximum Price: ₹16000, Modal Price: ₹16000"
2025-09-07,Chili Red,Perambalur(Uzhavar Sandhai ),Perambalur,Bold,15000,16000,16000,2025-09-07,"Minimum Price: ₹15000, Maximum Price: ₹16000, Modal Price: ₹16000"
2025-09-07,Chili Red,Rasipuram(Uzhavar Sandhai ),Namakkal,Bold,14000,16000,16000,2025-09-07,"Minimum Price: ₹14000, Maximum Price: ₹16000, Modal Price: ₹16000"
2025-09-07,Chili Red,Ambattur(Uzhavar Sandhai ),Thiruvallur,Bold,20000,20000,20000,2025-09-07,"Minimum Price: ₹20000, Maximum Price: ₹20000, Modal Price: ₹20000"
2025-09-07,Chili Red,Anna nagar(Uzhavar Sandhai ),Madurai,Bold,20000,20000,20000,2025-09-07,"Minimum Price: ₹20000, Maximum Price: ₹20000, Modal Price: ₹20000"
2025-09-08,Chili Red,Anna nagar(Uzhavar Sandhai ),Madurai,Bold,20000,20000,20000,2025-09-08,"Minimum Price: ₹20000, Maximum Price: ₹20000, Modal Price: ₹20000"
2025-09-08,Chili Red,Perambalur(Uzhavar Sandhai ),Perambalur,Bold,15000,16000,16000,2025-09-08,"Minimum Price: ₹15000, Maximum Price: ₹16000, Modal Price: ₹16000"
2025-09-08,Chili Red,Rasipuram(Uzhavar Sandhai ),Namakkal,Bold,15000,16000,16000,2025-09-08,"Minimum Price: ₹15000, Maximum Price: ₹16000, Modal Price: ₹16000"
2025-09-08,Chili Red,Ambattur(Uzhavar Sandhai ),Thiruvallur,Bold,20000,20000,20000,2025-09-08,"Minimum Price: ₹20000, Maximum Price: ₹20000, Modal Price: ₹20000"
2025-09-09,Chili Red,Anna nagar(Uzhavar Sandhai ),Madurai,Bold,20000,20000,20000,2025-09-09,"Minimum Price: ₹20000, Maximum Price: ₹20000, Modal Price: ₹20000"
2025-09-09,Chili Red,Perambalur(Uzhavar Sandhai ),Perambalur,Bold,15000,16000,16000,2025-09-09,"Minimum Price: ₹15000, Maximum Price: ₹16000, Modal Price: ₹16000"
2025-09-09,Chili Red,Rasipuram(Uzhavar Sandhai ),Namakkal,Bold,15000,16000,16000,2025-09-09,"Minimum Price: ₹15000, Maximum Price: ₹16000, Modal Price: ₹16000"
2025-09-09,Chili Red,Ambattur(Uzhavar Sandhai ),Thiruvallur,Bold,20000,20000,20000,2025-09-09,"Minimum Price: ₹20000, Maximum Price: ₹20000, Modal Price: ₹20000"
2025-09-10,Chili Red,Ambattur(Uzhavar Sandhai ),Thiruvallur,Bold,20000,20000,20000,2025-09-10,"Minimum Price: ₹20000, Maximum Price: ₹20000, Modal Price: ₹20000"
2025-09-10,Chili Red,Perambalur(Uzhavar Sandhai ),Perambalur,Bold,15000,17000,17000,2025-09-10,"Minimum Price: ₹15000, Maximum Price: ₹17000, Modal Price: ₹17000"
2025-09-10,Chili Red,Rasipuram(Uzhavar Sandhai ),Namakkal,Bold,15000,16000,16000,2025-09-10,"Minimum Price: ₹15000, Maximum Price: ₹16000, Modal Price: ₹16000"
2025-09-10,Chili Red,Anna nagar(Uzhavar Sandhai ),Madurai,Bold,20000,20000,20000,2025-09-10,"Minimum Price: ₹20000, Maximum Price: ₹20000, Modal Price: ₹20000"
2025-09-11,Chili Red,Anna nagar(Uzhavar Sandhai ),Madurai,Bold,20000,20000,20000,2025-09-11,"Minimum Price: ₹20000, Maximum Price: ₹20000, Modal Price: ₹20000"
2025-09-11,Chili Red,Perambalur(Uzhavar Sandhai ),Perambalur,Bold,15000,16000,16000,2025-09-11,"Minimum Price: ₹15000, Maximum Price: ₹16000, Modal Price: ₹16000"
2025-09-11,Chili Red,Rasipuram(Uzhavar Sandhai ),Namakkal,Bold,14000,15000,15000,2025-09-11,"Minimum Price: ₹14000, Maximum Price: ₹15000, Modal Price: ₹15000"
2025-09-11,Chili Red,Ambattur(Uzhavar Sandhai ),Thiruvallur,Bold,20000,20000,20000,2025-09-11,"Minimum Price: ₹20000, Maximum Price: ₹20000, Modal Price: ₹20000"
2025-09-12,Chili Red,Anna nagar(Uzhavar Sandhai ),Madurai,Bold,20000,20000,20000,2025-09-12,"Minimum Price: ₹20000, Maximum Price: ₹20000, Modal Price: ₹20000"
2025-09-12,Chili Red,Perambalur(Uzhavar Sandhai ),Perambalur,Bold,15000,16000,16000,2025-09-12,"Minimum Price: ₹15000, Maximum Price: ₹16000, Modal Price: ₹16000"
2025-09-12,Chili Red,Rasipuram(Uzhavar Sandhai ),Namakkal,Bold,13000,15000,15000,2025-09-12,"Minimum Price: ₹13000, Maximum Price: ₹15000, Modal Price: ₹15000"
2025-09-12,Chili Red,Ambattur(Uzhavar Sandhai ),Thiruvallur,Bold,20000,20000,20000,2025-09-12,"Minimum Price: ₹20000, Maximum Price: ₹20000, Modal Price: ₹20000"
2025-09-12,Chili Red,Katpadi (Uzhavar Sandhai ),Vellore,Bold,20000,20000,20000,2025-09-12,"Minimum Price: ₹20000, Maximum Price: ₹20000, Modal Price: ₹20000"
2025-09-13,Chili Red,Anna nagar(Uzhavar Sandhai ),Madurai,Bold,20000,20000,20000,2025-09-13,"Minimum Price: ₹20000, Maximum Price: ₹20000, Modal Price: ₹20000"
2025-09-13,Chili Red,Gudiyatham(Uzhavar Sandhai ),Vellore,Bold,15000,15000,15000,2025-09-13,"Minimum Price: ₹15000, Maximum Price: ₹15000, Modal Price: ₹15000"
2025-09-13,Chili Red,Rasipuram(Uzhavar Sandhai ),Namakkal,Bold,13000,15000,15000,2025-09-13,"Minimum Price: ₹13000, Maximum Price: ₹15000, Modal Price: ₹15000"
2025-09-13,Chili Red,Perambalur(Uzhavar Sandhai ),Perambalur,Bold,15000,16000,16000,2025-09-13,"Minimum Price: ₹15000, Maximum Price: ₹16000, Modal Price: ₹16000"
2025-09-13,Chili Red,Ambattur(Uzhavar Sandhai ),Thiruvallur,Bold,20000,20000,20000,2025-09-13,"Minimum Price: ₹20000, Maximum Price: ₹20000, Modal Price: ₹20000"
2025-09-14,Chili Red,Perambalur(Uzhavar Sandhai ),Perambalur,Bold,15000,16000,16000,2025-09-14,"Minimum Price: ₹15000, Maximum Price: ₹16000, Modal Price: ₹16000"
2025-09-14,Chili Red,Ambattur(Uzhavar Sandhai ),Thiruvallur,Bold,20000,20000,20000,2025-09-14,"Minimum Price: ₹20000, Maximum Price: ₹20000, Modal Price: ₹20000"
2025-09-14,Chili Red,Anna nagar(Uzhavar Sandhai ),Madurai,Bold,20000,20000,20000,2025-09-14,"Minimum Price: ₹20000, Maximum Price: ₹20000, Modal Price: ₹20000"
2025-09-14,Chili Red,Gudiyatham(Uzhavar Sandhai ),Vellore,Bold,15000,15000,15000,2025-09-14,"Minimum Price: ₹15000, Maximum Price: ₹15000, Modal Price: ₹15000"
2025-09-14,Chili Red,Rasipuram(Uzhavar Sandhai ),Namakkal,Bold,13000,15000,15000,2025-09-14,"Minimum Price: ₹13000, Maximum Price: ₹15000, Modal Price: ₹15000"
2025-09-15,Chili Red,Perambalur(Uzhavar Sandhai ),Perambalur,Bold,15000,16000,16000,2025-09-15,"Minimum Price: ₹15000, Maximum Price: ₹16000, Modal Price: ₹16000"
2025-09-15,Chili Red,Rasipuram(Uzhavar Sandhai ),Namakkal,Bold,13000,15000,15000,2025-09-15,"Minimum Price: ₹13000, Maximum Price: ₹15000, Modal Price: ₹15000"
2025-09-15,Chili Red,Mohanur(Uzhavar Sandhai ),Namakkal,Bold,10000,11000,11000,2025-09-15,"Minimum Price: ₹10000, Maximum Price: ₹11000, Modal Price: ₹11000"
2025-09-15,Chili Red,Ambattur(Uzhavar Sandhai ),Thiruvallur,Bold,20000,20000,20000,2025-09-15,"Minimum Price: ₹20000, Maximum Price: ₹20000, Modal Price: ₹20000"
2025-09-15,Chili Red,Anna nagar(Uzhavar Sandhai ),Madurai,Bold,20000,20000,20000,2025-09-15,"Minimum Price: ₹20000, Maximum Price: ₹20000, Modal Price: ₹20000"
2025-09-16,Chili Red,Ambattur(Uzhavar Sandhai ),Thiruvallur,Bold,20000,20000,20000,2025-09-16,"Minimum Price: ₹20000, Maximum Price: ₹20000, Modal Price: ₹20000"
2025-09-16,Chili Red,Rasipuram(Uzhavar Sandhai ),Namakkal,Bold,13000,15000,15000,2025-09-16,"Minimum Price: ₹13000, Maximum Price: ₹15000, Modal Price: ₹15000"
2025-09-16,Chili Red,Anna nagar(Uzhavar Sandhai ),Madurai,Bold,20000,20000,20000,2025-09-16,"Minimum Price: ₹20000, Maximum Price: ₹20000, Modal Price: ₹20000"
2025-09-16,Chili Red,Perambalur(Uzhavar Sandhai ),Perambalur,Bold,15000,16000,16000,2025-09-16,"Minimum Price: ₹15000, Maximum Price: ₹16000, Modal Price: ₹16000"
2025-09-17,Chili Red,Anna nagar(Uzhavar Sandhai ),Madurai,Bold,20000,20000,20000,2025-09-17,"Minimum Price: ₹20000, Maximum Price: ₹20000, Modal Price: ₹20000"
2025-09-17,Chili Red,Rasipuram(Uzhavar Sandhai ),Namakkal,Bold,14000,15000,15000,2025-09-17,"Minimum Price: ₹14000, Maximum Price: ₹15000, Modal Price: ₹15000"
2025-09-17,Chili Red,Ambattur(Uzhavar Sandhai ),Thiruvallur,Bold,20000,20000,20000,2025-09-17,"Minimum Price: ₹20000, Maximum Price: ₹20000, Modal Price: ₹20000"
2025-09-17,Chili Red,Perambalur(Uzhavar Sandhai ),Perambalur,Bold,15000,16000,16000,2025-09-17,"Minimum Price: ₹15000, Maximum Price: ₹16000, Modal Price: ₹16000"
2025-09-18,Chili Red,Anna nagar(Uzhavar Sandhai ),Madurai,Bold,20000,20000,20000,2025-09-18,"Minimum Price: ₹20000, Maximum Price: ₹20000, Modal Price: ₹20000"
2025-09-18,Chili Red,Rasipuram(Uzhavar Sandhai ),Namakkal,Bold,14000,15000,15000,2025-09-18,"Minimum Price: ₹14000, Maximum Price: ₹15000, Modal Price: ₹15000"
2025-09-18,Chili Red,Ambattur(Uzhavar Sandhai ),Thiruvallur,Bold,20000,20000,20000,2025-09-18,"Minimum Price: ₹20000, Maximum Price: ₹20000, Modal Price: ₹20000"
2025-09-18,Chili Red,Perambalur(Uzhavar Sandhai ),Perambalur,Bold,15000,17000,17000,2025-09-18,"Minimum Price: ₹15000, Maximum Price: ₹17000, Modal Price: ₹17000"
2025-09-19,Chili Red,Anna nagar(Uzhavar Sandhai ),Madurai,Bold,20000,20000,20000,2025-09-19,"Minimum Price: ₹20000, Maximum Price: ₹20000, Modal Price: ₹20000"
2025-09-19,Chili Red,Perambalur(Uzhavar Sandhai ),Perambalur,Bold,15000,17000,17000,2025-09-19,"Minimum Price: ₹15000, Maximum Price: ₹17000, Modal Price: ₹17000"
2025-09-19,Chili Red,Rasipuram(Uzhavar Sandhai ),Namakkal,Bold,14000,15000,15000,2025-09-19,"Minimum Price: ₹14000, Maximum Price: ₹15000, Modal Price: ₹15000"
2025-09-19,Chili Red,Ambattur(Uzhavar Sandhai ),Thiruvallur,Bold,20000,20000,20000,2025-09-19,"Minimum Price: ₹20000, Maximum Price: ₹20000, Modal Price: ₹20000"
2025-09-20,Chili Red,Perambalur(Uzhavar Sandhai ),Perambalur,Bold,15000,17000,17000,2025-09-20,"Minimum Price: ₹15000, Maximum Price: ₹17000, Modal Price: ₹17000"
2025-09-20,Chili Red,Ambattur(Uzhavar Sandhai ),Thiruvallur,Bold,20000,20000,20000,2025-09-20,"Minimum Price: ₹20000, Maximum Price: ₹20000, Modal Price: ₹20000"
2025-09-20,Chili Red,Anna nagar(Uzhavar Sandhai ),Madurai,Bold,20000,20000,20000,2025-09-20,"Minimum Price: ₹20000, Maximum Price: ₹20000, Modal Price: ₹20000"
2025-09-20,Chili Red,Rasipuram(Uzhavar Sandhai ),Namakkal,Bold,13000,15000,15000,2025-09-20,"Minimum Price: ₹13000, Maximum Price: ₹15000, Modal Price: ₹15000"
2025-09-21,Chili Red,Anna nagar(Uzhavar Sandhai ),Madurai,Bold,20000,20000,20000,2025-09-21,"Minimum Price: ₹20000, Maximum Price: ₹20000, Modal Price: ₹20000"
2025-09-21,Chili Red,Perambalur(Uzhavar Sandhai ),Perambalur,Bold,15000,16000,16000,2025-09-21,"Minimum Price: ₹15000, Maximum Price: ₹16000, Modal Price: ₹16000"
2025-09-21,Chili Red,Rasipuram(Uzhavar Sandhai ),Namakkal,Bold,13000,15000,15000,2025-09-21,"Minimum Price: ₹13000, Maximum Price: ₹15000, Modal Price: ₹15000"
2025-09-21,Chili Red,Ambattur(Uzhavar Sandhai ),Thiruvallur,Bold,20000,20000,20000,2025-09-21,"Minimum Price: ₹20000, Maximum Price: ₹20000, Modal Price: ₹20000"
2025-09-21,Chili Red,Gudiyatham(Uzhavar Sandhai ),Vellore,Bold,18000,18000,18000,2025-09-21,"Minimum Price: ₹18000, Maximum Price: ₹18000, Modal Price: ₹18000"
2025-09-22,Chili Red,Anna nagar(Uzhavar Sandhai ),Madurai,Bold,22000,22000,22000,2025-09-22,"Minimum Price: ₹22000, Maximum Price: ₹22000, Modal Price: ₹22000"
2025-09-22,Chili Red,Rasipuram(Uzhavar Sandhai ),Namakkal,Bold,13000,15000,15000,2025-09-22,"Minimum Price: ₹13000, Maximum Price: ₹15000, Modal Price: ₹15000"
2025-09-22,Chili Red,Ambattur(Uzhavar Sandhai ),Thiruvallur,Bold,20000,20000,20000,2025-09-22,"Minimum Price: ₹20000, Maximum Price: ₹20000, Modal Price: ₹20000"
2025-09-22,Chili Red,Perambalur(Uzhavar Sandhai ),Perambalur,Bold,15000,16000,16000,2025-09-22,"Minimum Price: ₹15000, Maximum Price: ₹16000, Modal Price: ₹16000"
2025-09-23,Chili Red,Anna nagar(Uzhavar Sandhai ),Madurai,Bold,22000,22000,22000,2025-09-23,"Minimum Price: ₹22000, Maximum Price: ₹22000, Modal Price: ₹22000"
2025-09-23,Chili Red,Rasipuram(Uzhavar Sandhai ),Namakkal,Bold,12000,15000,15000,2025-09-23,"Minimum Price: ₹12000, Maximum Price: ₹15000, Modal Price: ₹15000"
2025-09-23,Chili Red,Ambattur(Uzhavar Sandhai ),Thiruvallur,Bold,20000,20000,20000,2025-09-23,"Minimum Price: ₹20000, Maximum Price: ₹20000, Modal Price: ₹20000"
2025-09-23,Chili Red,Perambalur(Uzhavar Sandhai ),Perambalur,Bold,15000,16000,16000,2025-09-23,"Minimum Price: ₹15000, Maximum Price: ₹16000, Modal Price: ₹16000"
2025-09-25,Chili Red,Perambalur(Uzhavar Sandhai ),Perambalur,Bold,15000,16000,16000,2025-09-25,"Minimum Price: ₹15000, Maximum Price: ₹16000, Modal Price: ₹16000"
2025-09-25,Chili Red,Ambattur(Uzhavar Sandhai ),Thiruvallur,Bold,20000,20000,20000,2025-09-25,"Minimum Price: ₹20000, Maximum Price: ₹20000, Modal Price: ₹20000"
2025-09-25,Chili Red,Rasipuram(Uzhavar Sandhai ),Namakkal,Bold,13000,15000,15000,2025-09-25,"Minimum Price: ₹13000, Maximum Price: ₹15000, Modal Price: ₹15000"
2025-09-25,Chili Red,Anna nagar(Uzhavar Sandhai ),Madurai,Bold,20000,20000,20000,2025-09-25,"Minimum Price: ₹20000, Maximum Price: ₹20000, Modal Price: ₹20000"
2025-09-26,Chili Red,Rasipuram(Uzhavar Sandhai ),Namakkal,Bold,14000,15000,15000,2025-09-26,"Minimum Price: ₹14000, Maximum Price: ₹15000, Modal Price: ₹15000"
2025-09-26,Chili Red,Ambattur(Uzhavar Sandhai ),Thiruvallur,Bold,20000,20000,20000,2025-09-26,"Minimum Price: ₹20000, Maximum Price: ₹20000, Modal Price: ₹20000"
2025-09-26,Chili Red,Perambalur(Uzhavar Sandhai ),Perambalur,Bold,15000,16000,16000,2025-09-26,"Minimum Price: ₹15000, Maximum Price: ₹16000, Modal Price: ₹16000"
2025-09-26,Chili Red,Anna nagar(Uzhavar Sandhai ),Madurai,Bold,20000,20000,20000,2025-09-26,"Minimum Price: ₹20000, Maximum Price: ₹20000, Modal Price: ₹20000"
2025-09-27,Chili Red,Anna nagar(Uzhavar Sandhai ),Madurai,Bold,20000,20000,20000,2025-09-27,"Minimum Price: ₹20000, Maximum Price: ₹20000, Modal Price: ₹20000"
2025-09-27,Chili Red,Rasipuram(Uzhavar Sandhai ),Namakkal,Bold,13000,15000,15000,2025-09-27,"Minimum Price: ₹13000, Maximum Price: ₹15000, Modal Price: ₹15000"
2025-09-27,Chili Red,Ambattur(Uzhavar Sandhai ),Thiruvallur,Bold,20000,20000,20000,2025-09-27,"Minimum Price: ₹20000, Maximum Price: ₹20000, Modal Price: ₹20000"
2025-09-27,Chili Red,Perambalur(Uzhavar Sandhai ),Perambalur,Bold,15000,17000,17000,2025-09-27,"Minimum Price: ₹15000, Maximum Price: ₹17000, Modal Price: ₹17000"
2025-09-28,Chili Red,Perambalur(Uzhavar Sandhai ),Perambalur,Bold,15000,17000,17000,2025-09-28,"Minimum Price: ₹15000, Maximum Price: ₹17000, Modal Price: ₹17000"
2025-09-28,Chili Red,Rasipuram(Uzhavar Sandhai ),Namakkal,Bold,14000,15000,15000,2025-09-28,"Minimum Price: ₹14000, Maximum Price: ₹15000, Modal Price: ₹15000"
2025-09-28,Chili Red,Ambattur(Uzhavar Sandhai ),Thiruvallur,Bold,20000,20000,20000,2025-09-28,"Minimum Price: ₹20000, Maximum Price: ₹20000, Modal Price: ₹20000"
2025-09-28,Chili Red,Anna nagar(Uzhavar Sandhai ),Madurai,Bold,20000,20000,20000,2025-09-28,"Minimum Price: ₹20000, Maximum Price: ₹20000, Modal Price: ₹20000"
2025-09-29,Chili Red,Thalavaipuram(Uzhavar Sandhai ),Virudhunagar,Bold,7000,8000,8000,2025-09-29,"Minimum Price: ₹7000, Maximum Price: ₹8000, Modal Price: ₹8000"
2025-09-29,Chili Red,Rasipuram(Uzhavar Sandhai ),Namakkal,Bold,13000,15000,15000,2025-09-29,"Minimum Price: ₹13000, Maximum Price: ₹15000, Modal Price: ₹15000"
2025-09-29,Chili Red,Anna nagar(Uzhavar Sandhai ),Madurai,Bold,20000,20000,20000,2025-09-29,"Minimum Price: ₹20000, Maximum Price: ₹20000, Modal Price: ₹20000"
2025-09-29,Chili Red,Ambattur(Uzhavar Sandhai ),Thiruvallur,Bold,20000,20000,20000,2025-09-29,"Minimum Price: ₹20000, Maximum Price: ₹20000, Modal Price: ₹20000"
2025-09-30,Chili Red,Anna nagar(Uzhavar Sandhai ),Madurai,Bold,20000,20000,20000,2025-09-30,"Minimum Price: ₹20000, Maximum Price: ₹20000, Modal Price: ₹20000"
2025-09-30,Chili Red,Rasipuram(Uzhavar Sandhai ),Namakkal,Bold,13000,15000,15000,2025-09-30,"Minimum Price: ₹13000, Maximum Price: ₹15000, Modal Price: ₹15000"
2025-09-30,Chili Red,Ambattur(Uzhavar Sandhai ),Thiruvallur,Bold,20000,20000,20000,2025-09-30,"Minimum Price: ₹20000, Maximum Price: ₹20000, Modal Price: ₹20000"
2025-09-30,Chili Red,Perambalur(Uzhavar Sandhai ),Perambalur,Bold,15000,16000,16000,2025-09-30,"Minimum Price: ₹15000, Maximum Price: ₹16000, Modal Price: ₹16000"
2025-10-02,Chili Red,Anna nagar(Uzhavar Sandhai ),Madurai,Bold,20000,20000,20000,2025-10-02,"Minimum Price: ₹20000, Maximum Price: ₹20000, Modal Price: ₹20000"
2025-10-02,Chili Red,Ambattur(Uzhavar Sandhai ),Thiruvallur,Bold,20000,20000,20000,2025-10-02,"Minimum Price: ₹20000, Maximum Price: ₹20000, Modal Price: ₹20000"
2025-10-02,Chili Red,Rasipuram(Uzhavar Sandhai ),Namakkal,Bold,13000,15000,15000,2025-10-02,"Minimum Price: ₹13000, Maximum Price: ₹15000, Modal Price: ₹15000"
2025-10-03,Chili Red,Anna nagar(Uzhavar Sandhai ),Madurai,Bold,20000,20000,20000,2025-10-03,"Minimum Price: ₹20000, Maximum Price: ₹20000, Modal Price: ₹20000"
2025-10-03,Chili Red,Rasipuram(Uzhavar Sandhai ),Namakkal,Bold,14000,15000,15000,2025-10-03,"Minimum Price: ₹14000, Maximum Price: ₹15000, Modal Price: ₹15000"
2025-10-03,Chili Red,Ambattur(Uzhavar Sandhai ),Thiruvallur,Bold,20000,20000,20000,2025-10-03,"Minimum Price: ₹20000, Maximum Price: ₹20000, Modal Price: ₹20000"
2025-10-03,Chili Red,Perambalur(Uzhavar Sandhai ),Perambalur,Bold,15000,17000,17000,2025-10-03,"Minimum Price: ₹15000, Maximum Price: ₹17000, Modal Price: ₹17000"
2025-10-05,Chili Red,Perambalur(Uzhavar Sandhai ),Perambalur,Bold,15000,16000,16000,2025-10-05,"Minimum Price: ₹15000, Maximum Price: ₹16000, Modal Price: ₹16000"
2025-10-05,Chili Red,Tiruppur (North) (Uzhavar Sandhai ),Coimbatore,Bold,16000,17000,17000,2025-10-05,"Minimum Price: ₹16000, Maximum Price: ₹17000, Modal Price: ₹17000"
2025-10-05,Chili Red,Ambattur(Uzhavar Sandhai ),Thiruvallur,Bold,20000,20000,20000,2025-10-05,"Minimum Price: ₹20000, Maximum Price: ₹20000, Modal Price: ₹20000"
2025-10-05,Chili Red,Anna nagar(Uzhavar Sandhai ),Madurai,Bold,22000,22000,22000,2025-10-05,"Minimum Price: ₹22000, Maximum Price: ₹22000, Modal Price: ₹22000"
2025-10-05,Chili Red,Rasipuram(Uzhavar Sandhai ),Namakkal,Bold,14000,15000,15000,2025-10-05,"Minimum Price: ₹14000, Maximum Price: ₹15000, Modal Price: ₹15000"
2025-10-06,Chili Red,Anna nagar(Uzhavar Sandhai ),Madurai,Bold,22000,22000,22000,2025-10-06,"Minimum Price: ₹22000, Maximum Price: ₹22000, Modal Price: ₹22000"
2025-10-06,Chili Red,Rasipuram(Uzhavar Sandhai ),Namakkal,Bold,12000,15000,15000,2025-10-06,"Minimum Price: ₹12000, Maximum Price: ₹15000, Modal Price: ₹15000"
2025-10-06,Chili Red,Ambattur(Uzhavar Sandhai ),Thiruvallur,Bold,20000,20000,20000,2025-10-06,"Minimum Price: ₹20000, Maximum Price: ₹20000, Modal Price: ₹20000"
2025-10-06,Chili Red,Perambalur(Uzhavar Sandhai ),Perambalur,Bold,15000,16000,16000,2025-10-06,"Minimum Price: ₹15000, Maximum Price: ₹16000, Modal Price: ₹16000"
2025-10-07,Chili Red,Rasipuram(Uzhavar Sandhai ),Namakkal,Bold,12000,15000,15000,2025-10-07,"Minimum Price: ₹12000, Maximum Price: ₹15000, Modal Price: ₹15000"
2025-10-07,Chili Red,Ambattur(Uzhavar Sandhai ),Thiruvallur,Bold,20000,20000,20000,2025-10-07,"Minimum Price: ₹20000, Maximum Price: ₹20000, Modal Price: ₹20000"
2025-10-07,Chili Red,Anna nagar(Uzhavar Sandhai ),Madurai,Bold,20000,20000,20000,2025-10-07,"Minimum Price: ₹20000, Maximum Price: ₹20000, Modal Price: ₹20000"
2025-10-08,Chili Red,Anna nagar(Uzhavar Sandhai ),Madurai,Bold,20000,20000,20000,2025-10-08,"Minimum Price: ₹20000, Maximum Price: ₹20000, Modal Price: ₹20000"
2025-10-08,Chili Red,Rasipuram(Uzhavar Sandhai ),Namakkal,Bold,13000,15000,15000,2025-10-08,"Minimum Price: ₹13000, Maximum Price: ₹15000, Modal Price: ₹15000"
2025-10-08,Chili Red,Ambattur(Uzhavar Sandhai ),Thiruvallur,Bold,20000,20000,20000,2025-10-08,"Minimum Price: ₹20000, Maximum Price: ₹20000, Modal Price: ₹20000"
2025-10-09,Chili Red,Ambattur(Uzhavar Sandhai ),Thiruvallur,Bold,20000,20000,20000,2025-10-09,"Minimum Price: ₹20000, Maximum Price: ₹20000, Modal Price: ₹20000"
2025-10-09,Chili Red,Rasipuram(Uzhavar Sandhai ),Namakkal,Bold,13000,15000,15000,2025-10-09,"Minimum Price: ₹13000, Maximum Price: ₹15000, Modal Price: ₹15000"
2025-10-09,Chili Red,Anna nagar(Uzhavar Sandhai ),Madurai,Bold,20000,20000,20000,2025-10-09,"Minimum Price: ₹20000, Maximum Price: ₹20000, Modal Price: ₹20000"
2025-10-10,Chili Red,Anna nagar(Uzhavar Sandhai ),Madurai,Bold,20000,20000,20000,2025-10-10,"Minimum Price: ₹20000, Maximum Price: ₹20000, Modal Price: ₹20000"
2025-10-10,Chili Red,Rasipuram(Uzhavar Sandhai ),Namakkal,Bold,13000,15000,15000,2025-10-10,"Minimum Price: ₹13000, Maximum Price: ₹15000, Modal Price: ₹15000"
2025-10-10,Chili Red,Ambattur(Uzhavar Sandhai ),Thiruvallur,Bold,20000,20000,20000,2025-10-10,"Minimum Price: ₹20000, Maximum Price: ₹20000, Modal Price: ₹20000"
2025-10-12,Chili Red,Anna nagar(Uzhavar Sandhai ),Madurai,Bold,20000,20000,20000,2025-10-12,"Minimum Price: ₹20000, Maximum Price: ₹20000, Modal Price: ₹20000"
2025-10-12,Chili Red,Ambattur(Uzhavar Sandhai ),Thiruvallur,Bold,20000,20000,20000,2025-10-12,"Minimum Price: ₹20000, Maximum Price: ₹20000, Modal Price: ₹20000"
2025-10-12,Chili Red,Rasipuram(Uzhavar Sandhai ),Namakkal,Bold,14000,15000,15000,2025-10-12,"Minimum Price: ₹14000, Maximum Price: ₹15000, Modal Price: ₹15000"
2025-10-13,Chili Red,Anna nagar(Uzhavar Sandhai ),Madurai,Bold,20000,20000,20000,2025-10-13,"Minimum Price: ₹20000, Maximum Price: ₹20000, Modal Price: ₹20000"
2025-10-13,Chili Red,Ambattur(Uzhavar Sandhai ),Thiruvallur,Bold,20000,20000,20000,2025-10-13,"Minimum Price: ₹20000, Maximum Price: ₹20000, Modal Price: ₹20000"
2025-10-13,Chili Red,Rasipuram(Uzhavar Sandhai ),Namakkal,Bold,13000,15000,15000,2025-10-13,"Minimum Price: ₹13000, Maximum Price: ₹15000, Modal Price: ₹15000"
2025-10-14,Chili Red,Anna nagar(Uzhavar Sandhai ),Madurai,Bold,20000,20000,20000,2025-10-14,"Minimum Price: ₹20000, Maximum Price: ₹20000, Modal Price: ₹20000"
2025-10-14,Chili Red,Ambattur(Uzhavar Sandhai ),Thiruvallur,Bold,20000,20000,20000,2025-10-14,"Minimum Price: ₹20000, Maximum Price: ₹20000, Modal Price: ₹20000"
2025-10-14,Chili Red,Rasipuram(Uzhavar Sandhai ),Namakkal,Bold,13000,15000,15000,2025-10-14,"Minimum Price: ₹13000, Maximum Price: ₹15000, Modal Price: ₹15000"
2025-10-15,Chili Red,Perambalur(Uzhavar Sandhai ),Perambalur,Bold,15000,17000,17000,2025-10-15,"Minimum Price: ₹15000, Maximum Price: ₹17000, Modal Price: ₹17000"
2025-10-15,Chili Red,Ambattur(Uzhavar Sandhai ),Thiruvallur,Bold,20000,20000,20000,2025-10-15,"Minimum Price: ₹20000, Maximum Price: ₹20000, Modal Price: ₹20000"
2025-10-15,Chili Red,Rasipuram(Uzhavar Sandhai ),Namakkal,Bold,13000,15000,15000,2025-10-15,"Minimum Price: ₹13000, Maximum Price: ₹15000, Modal Price: ₹15000"
2025-10-15,Chili Red,Anna nagar(Uzhavar Sandhai ),Madurai,Bold,20000,20000,20000,2025-10-15,"Minimum Price: ₹20000, Maximum Price: ₹20000, Modal Price: ₹20000"
2025-10-16,Chili Red,Ambattur(Uzhavar Sandhai ),Thiruvallur,Bold,20000,20000,20000,2025-10-16,"Minimum Price: ₹20000, Maximum Price: ₹20000, Modal Price: ₹20000"
2025-10-16,Chili Red,Rasipuram(Uzhavar Sandhai ),Namakkal,Bold,13000,15000,15000,2025-10-16,"Minimum Price: ₹13000, Maximum Price: ₹15000, Modal Price: ₹15000"
2025-10-16,Chili Red,Anna nagar(Uzhavar Sandhai ),Madurai,Bold,20000,20000,20000,2025-10-16,"Minimum Price: ₹20000, Maximum Price: ₹20000, Modal Price: ₹20000"
2025-10-17,Chili Red,Anna nagar(Uzhavar Sandhai ),Madurai,Bold,20000,20000,20000,2025-10-17,"Minimum Price: ₹20000, Maximum Price: ₹20000, Modal Price: ₹20000"
2025-10-17,Chili Red,Rasipuram(Uzhavar Sandhai ),Namakkal,Bold,13000,15000,15000,2025-10-17,"Minimum Price: ₹13000, Maximum Price: ₹15000, Modal Price: ₹15000"
2025-10-17,Chili Red,Ambattur(Uzhavar Sandhai ),Thiruvallur,Bold,18000,18000,18000,2025-10-17,"Minimum Price: ₹18000, Maximum Price: ₹18000, Modal Price: ₹18000"
2025-10-17,Chili Red,Perambalur(Uzhavar Sandhai ),Perambalur,Bold,15000,17000,17000,2025-10-17,"Minimum Price: ₹15000, Maximum Price: ₹17000, Modal Price: ₹17000"
2025-10-18,Chili Red,Rasipuram(Uzhavar Sandhai ),Namakkal,Bold,14000,15000,15000,2025-10-18,"Minimum Price: ₹14000, Maximum Price: ₹15000, Modal Price: ₹15000"
2025-10-18,Chili Red,Ambattur(Uzhavar Sandhai ),Thiruvallur,Bold,18000,18000,18000,2025-10-18,"Minimum Price: ₹18000, Maximum Price: ₹18000, Modal Price: ₹18000"
2025-10-18,Chili Red,Anna nagar(Uzhavar Sandhai ),Madurai,Bold,20000,20000,20000,2025-10-18,"Minimum Price: ₹20000, Maximum Price: ₹20000, Modal Price: ₹20000"
2025-10-19,Chili Red,Anna nagar(Uzhavar Sandhai ),Madurai,Bold,22000,22000,22000,2025-10-19,"Minimum Price: ₹22000, Maximum Price: ₹22000, Modal Price: ₹22000"
2025-10-19,Chili Red,Rasipuram(Uzhavar Sandhai ),Namakkal,Bold,14000,15000,15000,2025-10-19,"Minimum Price: ₹14000, Maximum Price: ₹15000, Modal Price: ₹15000"
2025-10-19,Chili Red,Ambattur(Uzhavar Sandhai ),Thiruvallur,Bold,18000,18000,18000,2025-10-19,"Minimum Price: ₹18000, Maximum Price: ₹18000, Modal Price: ₹18000"
2025-10-20,Chili Red,Rasipuram(Uzhavar Sandhai ),Namakkal,Bold,13000,15000,15000,2025-10-20,"Minimum Price: ₹13000, Maximum Price: ₹15000, Modal Price: ₹15000"
2025-10-20,Chili Red,Ambattur(Uzhavar Sandhai ),Thiruvallur,Bold,18000,18000,18000,2025-10-20,"Minimum Price: ₹18000, Maximum Price: ₹18000, Modal Price: ₹18000"
2025-10-21,Chili Red,Rasipuram(Uzhavar Sandhai ),Namakkal,Bold,13000,15000,15000,2025-10-21,"Minimum Price: ₹13000, Maximum Price: ₹15000, Modal Price: ₹15000"
2025-10-21,Chili Red,Ambattur(Uzhavar Sandhai ),Thiruvallur,Bold,20000,20000,20000,2025-10-21,"Minimum Price: ₹20000, Maximum Price: ₹20000, Modal Price: ₹20000"
2025-10-22,Chili Red,Anna nagar(Uzhavar Sandhai ),Madurai,Bold,20000,20000,20000,2025-10-22,"Minimum Price: ₹20000, Maximum Price: ₹20000, Modal Price: ₹20000"
2025-10-22,Chili Red,Ambattur(Uzhavar Sandhai ),Thiruvallur,Bold,20000,20000,20000,2025-10-22,"Minimum Price: ₹20000, Maximum Price: ₹20000, Modal Price: ₹20000"
2025-10-22,Chili Red,Rasipuram(Uzhavar Sandhai ),Namakkal,Bold,14000,15000,15000,2025-10-22,"Minimum Price: ₹14000, Maximum Price: ₹15000, Modal Price: ₹15000"
2025-10-23,Chili Red,Anna nagar(Uzhavar Sandhai ),Madurai,Bold,20000,20000,20000,2025-10-23,"Minimum Price: ₹20000, Maximum Price: ₹20000, Modal Price: ₹20000"
2025-10-23,Chili Red,Rasipuram(Uzhavar Sandhai ),Namakkal,Bold,14000,15000,15000,2025-10-23,"Minimum Price: ₹14000, Maximum Price: ₹15000, Modal Price: ₹15000"
2025-10-23,Chili Red,Ambattur(Uzhavar Sandhai ),Thiruvallur,Bold,18000,18000,18000,2025-10-23,"Minimum Price: ₹18000, Maximum Price: ₹18000, Modal Price: ₹18000"
2025-10-23,Chili Red,Perambalur(Uzhavar Sandhai ),Perambalur,Bold,15000,15000,15000,2025-10-23,"Minimum Price: ₹15000, Maximum Price: ₹15000, Modal Price: ₹15000"
2025-10-24,Chili Red,Anna nagar(Uzhavar Sandhai ),Madurai,Bold,20000,20000,20000,2025-10-24,"Minimum Price: ₹20000, Maximum Price: ₹20000, Modal Price: ₹20000"
2025-10-24,Chili Red,Ambattur(Uzhavar Sandhai ),Thiruvallur,Bold,18000,18000,18000,2025-10-24,"Minimum Price: ₹18000, Maximum Price: ₹18000, Modal Price: ₹18000"
2025-10-24,Chili Red,Rasipuram(Uzhavar Sandhai ),Namakkal,Bold,14000,15000,15000,2025-10-24,"Minimum Price: ₹14000, Maximum Price: ₹15000, Modal Price: ₹15000"
2025-10-26,Chili Red,Rasipuram(Uzhavar Sandhai ),Namakkal,Bold,14000,15000,15000,2025-10-26,"Minimum Price: ₹14000, Maximum Price: ₹15000, Modal Price: ₹15000"
2025-10-26,Chili Red,Tiruppur (North) (Uzhavar Sandhai ),Coimbatore,Bold,15000,17000,17000,2025-10-26,"Minimum Price: ₹15000, Maximum Price: ₹17000, Modal Price: ₹17000"
2025-10-26,Chili Red,Anna nagar(Uzhavar Sandhai ),Madurai,Bold,20000,20000,20000,2025-10-26,"Minimum Price: ₹20000, Maximum Price: ₹20000, Modal Price: ₹20000"
2025-10-26,Chili Red,Ambattur(Uzhavar Sandhai ),Thiruvallur,Bold,18000,18000,18000,2025-10-26,"Minimum Price: ₹18000, Maximum Price: ₹18000, Modal Price: ₹18000"
2025-10-27,Chili Red,Anna nagar(Uzhavar Sandhai ),Madurai,Bold,20000,20000,20000,2025-10-27,"Minimum Price: ₹20000, Maximum Price: ₹20000, Modal Price: ₹20000"
2025-10-27,Chili Red,Ambattur(Uzhavar Sandhai ),Thiruvallur,Bold,18000,18000,18000,2025-10-27,"Minimum Price: ₹18000, Maximum Price: ₹18000, Modal Price: ₹18000"
2025-10-27,Chili Red,Rasipuram(Uzhavar Sandhai ),Namakkal,Bold,12000,15000,15000,2025-10-27,"Minimum Price: ₹12000, Maximum Price: ₹15000, Modal Price: ₹15000"
2025-10-28,Chili Red,Anna nagar(Uzhavar Sandhai ),Madurai,Bold,20000,20000,20000,2025-10-28,"Minimum Price: ₹20000, Maximum Price: ₹20000, Modal Price: ₹20000"
2025-10-28,Chili Red,Ambattur(Uzhavar Sandhai ),Thiruvallur,Bold,18000,18000,18000,2025-10-28,"Minimum Price: ₹18000, Maximum Price: ₹18000, Modal Price: ₹18000"
2025-10-28,Chili Red,Rasipuram(Uzhavar Sandhai ),Namakkal,Bold,13000,15000,15000,2025-10-28,"Minimum Price: ₹13000, Maximum Price: ₹15000, Modal Price: ₹15000"
2025-10-29,Chili Red,Rasipuram(Uzhavar Sandhai ),Namakkal,Bold,14000,15000,15000,2025-10-29,"Minimum Price: ₹14000, Maximum Price: ₹15000, Modal Price: ₹15000"
2025-10-29,Chili Red,Ambattur(Uzhavar Sandhai ),Thiruvallur,Bold,18000,18000,18000,2025-10-29,"Minimum Price: ₹18000, Maximum Price: ₹18000, Modal Price: ₹18000"
2025-10-29,Chili Red,Anna nagar(Uzhavar Sandhai ),Madurai,Bold,20000,20000,20000,2025-10-29,"Minimum Price: ₹20000, Maximum Price: ₹20000, Modal Price: ₹20000"
2025-10-30,Chili Red,Ambattur(Uzhavar Sandhai ),Thiruvallur,Bold,20000,20000,20000,2025-10-30,"Minimum Price: ₹20000, Maximum Price: ₹20000, Modal Price: ₹20000"
2025-10-30,Chili Red,Rasipuram(Uzhavar Sandhai ),Namakkal,Bold,14000,15000,15000,2025-10-30,"Minimum Price: ₹14000, Maximum Price: ₹15000, Modal Price: ₹15000"
2025-10-30,Chili Red,Anna nagar(Uzhavar Sandhai ),Madurai,Bold,20000,20000,20000,2025-10-30,"Minimum Price: ₹20000, Maximum Price: ₹20000, Modal Price: ₹20000"
